Kommune;GKZ;ARS;Verwaltungstyp;Bundesland;Demografietyp;"2021
Steuereinnahmen pro Einwohner:in (Euro je Einwohner:in)";"2021
Prim�rsaldo (Euro je Einwohner:in)";"2021
Verschuldung im Kernhaushalt (Euro je Einwohner:in)";"2021
Soziale Leistungen (Euro je Einwohner:in)";"2021
Verf�gbare Deckungsmittel (Euro je Einwohner:in)";"2021
Kaufkraft (Euro/Haushalt)";"2021
Haushalte mit niedrigem Einkommen (%)";"2021
Haushalte mit mittlerem Einkommen (%)";"2021
Haushalte mit hohem Einkommen (%)";"2021
Arbeitslose an den SvB (%)";"2021
Bev�lkerung (Anzahl)";"2021
Bev�lkerungsentwicklung seit 2011 (%)";"2021
Durchschnittsalter (Jahre)";"2021
Medianalter (Jahre)";"2021
Arbeitsplatzentwicklung der vergangenen 5 Jahre (%)";"2021
Besch�ftigungsquote (%)";"2021
Frauenbesch�ftigungsquote (%)";"2021
Strom aus erneuerbaren Quellen (kW je Einwohner:in)";"2021
Bruttoinlandsprodukt (Euro je Einwohner)";"2021
Breitbandversorgung - Private Haushalte (%)"
Ahrweiler, LK;07131000;071310000000;Landkreis;Rheinland-Pfalz;;1.072;4;1.743;667;1.303;52.059;38,7;36,4;24,9;5,6;128.146;1,7;46,6;50,0;12,0;61,8;59,4;0,56;28.851,7;85,6
Aichach-Friedberg, LK;09771000;097710000000;Landkreis;Bayern;;1.340;468;621;173;1.563;61.567;28,1;38,5;33,3;3,4;135.538;7,0;43,9;45,4;10,8;65,1;60,8;2,47;30.910,8;93,3
Alb-Donau-Kreis, LK;08425000;084250000000;Landkreis;Baden-W�rttemberg;;1.423;548;425;469;1.883;62.198;31,8;37,5;30,8;3,5;199.732;7,1;43,3;44,2;10,6;67,0;61,5;2,11;33.976,1;91,8
Altenburger Land, LK;16077000;160770000000;Landkreis;Th�ringen;;702;187;577;663;1.825;44.095;53,6;31,3;15,1;8,1;87.807;-8,4;50,5;54,7;1,4;66,3;64,4;2,94;24.151,5;86,8
Altenkirchen (Westerwald), LK;07132000;071320000000;Landkreis;Rheinland-Pfalz;;1.024;295;2.463;707;1.651;54.623;41,8;35,2;23,0;6,6;129.261;-0,5;45,4;48,1;6,4;61,7;54,7;0,62;28.785,0;95,7
Altmarkkreis Salzwedel, LK;15081000;150810000000;Landkreis;Sachsen-Anhalt;;761;138;620;358;1.427;48.821;51,8;31,2;17,0;7,5;81.986;-6,4;48,0;52,1;-2,0;68,1;66,5;8,80;27.063,3;89,1
Alt�tting, LK;09171000;091710000000;Landkreis;Bayern;;1.704;716;1.189;253;2.053;55.549;36,7;36,1;27,2;4,1;112.116;5,4;44,7;46,4;9,2;66,0;59,1;5,36;60.098,2;96,1
Alzey-Worms, LK;07331000;073310000000;Landkreis;Rheinland-Pfalz;;1.010;219;2.321;686;1.614;63.411;35,7;35,6;28,7;5,6;131.330;5,0;44,6;46,9;14,0;63,3;58,3;4,13;26.418,9;96,3
Amberg;09361000;093610000000;kreisfreie Stadt;Bayern;Typ 2;1.527;369;672;394;1.739;46.129;44,8;32,9;22,4;6,1;41.994;0,5;45,7;47,1;5,3;64,1;61,8;0,65;64.185,9;99,1
Amberg-Sulzbach, LK;09371000;093710000000;Landkreis;Bayern;;1.093;531;1.581;206;1.604;54.091;40,8;35,1;24,0;3,6;103.277;-0,3;45,3;48,0;7,9;66,2;63,0;3,34;31.110,9;94,8
Ammerland, LK;03451000;034510000000;Landkreis;Niedersachsen;;1.167;369;434;870;1.732;58.488;44,3;32,8;22,9;5,0;126.475;7,2;45,5;48,2;13,2;63,0;60,1;1,53;34.114,4;89,0
Anhalt-Bitterfeld, LK;15082000;150820000000;Landkreis;Sachsen-Anhalt;;909;227;847;426;1.585;44.358;52,4;31,1;16,5;8,3;155.900;-8,7;49,4;53,3;2,9;64,5;63,3;6,15;34.412,2;89,9
Ansbach;09561000;095610000000;kreisfreie Stadt;Bayern;Typ 6;1.292;348;409;457;1.754;45.270;40,2;35,7;24,1;5,1;41.662;5,2;44,2;45,0;5,4;65,1;60,2;1,34;63.126,7;98,5
Ansbach, LK;09571000;095710000000;Landkreis;Bayern;;1.225;549;924;142;1.582;54.856;39,7;35,6;24,7;3,2;186.279;4,5;44,1;45,7;7,4;67,3;63,2;4,73;33.862,6;95,0
Aschaffenburg;09661000;096610000000;kreisfreie Stadt;Bayern;Typ 6;1.852;463;650;558;2.053;49.089;41,1;36,1;22,8;7,3;71.381;5,8;44,2;44,5;4,9;62,7;57,1;0,30;78.370,2;99,5
Aschaffenburg, LK;09671000;096710000000;Landkreis;Bayern;;1.315;419;730;181;1.544;61.212;34,1;35,7;30,2;4,3;174.965;1,5;45,5;48,1;10,7;65,3;60,3;0,69;34.693,2;97,4
Augsburg;09761000;097610000000;kreisfreie Stadt;Bayern;Typ 7;1.466;326;1.353;515;1.997;43.789;49,0;34,2;16,8;7,4;296.478;10,1;42,8;41,3;4,2;61,9;57,6;0,29;49.716,7;98,6
Augsburg, LK;09772000;097720000000;Landkreis;Bayern;;1.348;439;888;194;1.632;59.559;29,7;37,1;33,2;3,7;257.790;8,4;44,1;45,5;15,0;64,9;61,2;1,79;33.149,4;95,9
Aurich, LK;03452000;034520000000;Landkreis;Niedersachsen;;990;412;2.263;1.000;1.809;49.904;47,3;33,0;19,7;8,6;190.425;2,0;45,8;49,2;4,2;59,4;53,2;6,37;k.A.;81,3
Bad D�rkheim, LK;07332000;073320000000;Landkreis;Rheinland-Pfalz;;1.059;163;2.749;665;1.619;63.500;33,2;36,1;30,7;5,6;133.206;1,7;47,0;50,7;4,0;63,3;58,6;0,75;23.128,3;95,9
Baden-Baden;08211000;082110000000;kreisfreie Stadt;Baden-W�rttemberg;Typ 10;1.821;176;540;939;2.344;57.192;35,7;37,3;26,9;7,1;55.527;5,9;47,2;49,8;6,7;62,1;58,7;0,48;55.119,6;98,7
Bad Kissingen, LK;09672000;096720000000;Landkreis;Bayern;;1.114;554;803;196;1.583;51.718;41,2;34,7;24,1;4,3;103.454;-0,2;47,0;50,2;5,9;65,8;62,8;3,22;34.956,4;92,3
Bad Kreuznach, LK;07133000;071330000000;Landkreis;Rheinland-Pfalz;;1.000;227;2.083;883;1.666;55.906;39,9;34,6;25,5;7,8;159.402;2,6;45,9;48,8;6,6;61,5;57,3;1,84;31.715,3;95,4
Bad T�lz-Wolfratshausen, LK;09173000;091730000000;Landkreis;Bayern;;1.378;443;605;256;1.563;59.227;31,7;37,1;31,2;3,4;127.919;6,8;44,7;46,4;8,5;64,4;62,9;0,80;32.604,1;95,2
Bamberg;09461000;094610000000;kreisfreie Stadt;Bayern;Typ 7;1.514;425;145;390;1.966;43.095;44,7;36,6;18,7;6,0;77.749;10,0;42,8;40,2;4,2;56,5;53,3;0,35;66.083,7;99,1
Bamberg, LK;09471000;094710000000;Landkreis;Bayern;;1.208;638;631;185;1.666;58.752;38,5;36,2;25,3;3,4;147.697;2,7;44,2;46,3;12,0;67,6;63,4;2,00;27.473,7;94,3
Barnim, LK;12060000;120600000000;Landkreis;Brandenburg;;800;335;194;780;1.763;50.985;46,1;33,6;20,3;6,7;188.835;9,4;46,7;49,7;7,6;64,5;65,5;4,84;23.742,9;92,7
Bautzen, LK;14625000;146250000000;Landkreis;Sachsen;;860;231;410;432;1.523;48.232;50,7;32,5;16,9;6,5;296.290;-5,5;48,5;52,2;4,6;69,0;68,8;1,66;29.760,2;93,5
Bayreuth;09462000;094620000000;kreisfreie Stadt;Bayern;Typ 7;1.802;326;798;401;1.868;42.774;45,0;35,0;19,9;5,9;73.909;3,8;43,8;42,1;4,6;57,0;56,6;0,31;64.881,3;99,2
Bayreuth, LK;09472000;094720000000;Landkreis;Bayern;;1.018;444;1.487;145;1.562;57.009;42,4;34,1;23,5;3,8;103.648;-1,5;46,1;49,2;6,3;66,7;64,4;2,71;24.608,6;96,6
Berchtesgadener Land, LK;09172000;091720000000;Landkreis;Bayern;;1.242;464;780;261;1.594;51.468;43,0;33,6;23,4;5,3;106.389;5,1;45,6;46,8;7,5;55,4;55,1;0,94;36.539,9;89,1
Bergstra�e, LK;06431000;064310000000;Landkreis;Hessen;;1.329;34;1.373;414;1.851;56.536;38,2;35,1;26,7;4,9;271.166;3,8;45,5;48,1;8,7;62,8;58,0;0,74;31.029,1;98,0
Berlin;11000000;110000000000;kreisfreie Stadt;Berlin;Typ 7;1.388;k.A.;k.A.;k.A.;k.A.;43.511;50,1;32,0;17,9;12,4;3.677.472;10,6;42,6;41,1;15,7;57,0;56,2;0,06;44.992,1;98,5
Bernkastel-Wittlich, LK;07231000;072310000000;Landkreis;Rheinland-Pfalz;;1.186;368;2.499;831;1.754;53.079;42,2;34,7;23,1;4,6;113.194;1,7;45,9;48,7;6,8;63,3;60,5;4,13;33.692,0;90,8
Biberach, LK;08426000;084260000000;Landkreis;Baden-W�rttemberg;;1.930;241;224;635;1.769;62.423;33,7;37,5;28,8;3,2;203.244;8,4;42,9;43,6;10,6;67,9;62,6;2,27;57.244,0;93,5
Bielefeld;05711000;057110000000;kreisfreie Stadt;Nordrhein-Westfalen;Typ 7;1.544;-90;1.150;809;2.064;48.434;49,2;33,0;17,8;10,7;334.002;2,1;42,9;42,2;10,4;59,6;54,0;0,36;44.230,1;98,1
Birkenfeld, LK;07134000;071340000000;Landkreis;Rheinland-Pfalz;;1.564;2.032;3.232;974;4.400;52.356;44,4;33,9;21,7;7,8;80.849;-1,8;46,3;49,4;1,3;60,0;57,1;2,67;30.444,2;93,5
B�blingen, LK;08115000;081150000000;Landkreis;Baden-W�rttemberg;;1.764;466;452;541;2.052;63.497;28,9;37,8;33,3;4,5;393.195;7,9;43,6;44,1;4,3;66,7;60,4;0,40;67.324,4;98,3
Bochum;05911000;059110000000;kreisfreie Stadt;Nordrhein-Westfalen;Typ 7;1.359;259;4.833;847;2.107;45.468;49,1;33,4;17,5;11,7;363.441;0,2;44,7;44,7;11,2;56,8;52,8;0,15;37.702,7;98,8
Bodenseekreis, LK;08435000;084350000000;Landkreis;Baden-W�rttemberg;;1.534;376;474;738;2.063;57.859;33,9;36,8;29,4;3,6;218.885;7,0;45,3;46,9;6,6;66,2;61,4;0,71;52.061,2;93,5
Bonn;05314000;053140000000;kreisfreie Stadt;Nordrhein-Westfalen;Typ 7;1.756;213;5.731;960;2.041;53.497;46,0;33,9;20,1;9,9;331.885;7,9;41,9;40,3;8,0;54,9;52,0;0,07;81.836,1;99,9
B�rde, LK;15083000;150830000000;Landkreis;Sachsen-Anhalt;;1.013;199;949;381;1.541;50.546;51,7;31,5;16,8;6,0;170.106;-2,9;47,4;51,0;5,9;68,8;68,4;6,21;32.592,8;90,5
Borken, LK;05554000;055540000000;Landkreis;Nordrhein-Westfalen;;1.478;288;1.037;502;1.678;58.572;38,7;37,2;24,1;4,7;373.582;2,6;43,4;44,9;11,4;64,1;57,6;3,52;40.628,7;95,1
Bottrop;05512000;055120000000;kreisfreie Stadt;Nordrhein-Westfalen;Typ 6;1.090;-197;2.740;971;1.634;51.275;46,0;34,1;19,8;10,3;117.311;0,2;45,6;47,8;-1,6;57,1;52,3;0,52;24.570,6;98,3
Brandenburg an der Havel;12051000;120510000000;kreisfreie Stadt;Brandenburg;Typ 2;876;427;301;1.162;2.279;40.940;50,5;35,4;14,1;9,5;72.461;1,5;48,0;50,5;5,0;63,8;63,4;1,34;34.594,9;92,4
Braunschweig;03101000;031010000000;kreisfreie Stadt;Niedersachsen;Typ 7;1.497;180;1.167;889;2.226;45.207;46,8;34,2;18,9;6,7;248.823;2,0;43,9;42,8;6,2;62,1;57,5;0,19;82.404,8;98,6
Breisgau-Hochschwarzwald, LK;08315000;083150000000;Landkreis;Baden-W�rttemberg;;1.237;398;815;642;1.957;59.978;37,3;35,1;27,6;4,2;265.792;7,9;44,9;46,8;8,2;62,9;61,2;0,77;31.909,0;90,5
Bremen;04011000;040110000000;kreisfreie Stadt;Bremen, BL;Typ 7;1.752;k.A.;k.A.;k.A.;k.A.;44.941;50,1;33,7;16,1;12,9;563.290;3,5;43,6;43,1;5,9;57,6;53,5;0,34;54.985,6;98,5
Bremerhaven;04012000;040120000000;kreisfreie Stadt;Bremen, BL;Typ 6;1.236;k.A.;k.A.;k.A.;k.A.;42.559;53,8;33,0;13,3;16,2;113.173;4,7;43,7;44,2;2,1;57,3;51,6;0,77;36.917,7;99,2
Burgenlandkreis, LK;15084000;150840000000;Landkreis;Sachsen-Anhalt;;849;26;1.003;457;1.497;45.075;53,8;30,2;16,0;7,7;176.333;-6,3;49,2;53,1;4,1;68,4;66,7;4,66;27.548,3;94,1
Calw, LK;08235000;082350000000;Landkreis;Baden-W�rttemberg;;1.211;405;1.370;544;1.884;60.813;35,5;36,1;28,4;4,7;160.686;6,4;44,4;46,2;10,6;66,5;61,5;1,05;30.644,8;84,3
Celle, LK;03351000;033510000000;Landkreis;Niedersachsen;;1.125;328;2.617;1.019;1.990;49.519;45,1;33,8;21,1;7,7;179.915;2,2;45,4;47,6;4,8;60,2;58,0;1,72;30.967,7;93,8
Cham, LK;09372000;093720000000;Landkreis;Bayern;;1.224;650;743;189;1.672;51.574;45,7;33,6;20,7;3,7;128.444;2,3;45,2;47,5;9,0;65,1;60,8;2,17;39.774,7;70,5
Chemnitz;14511000;145110000000;kreisfreie Stadt;Sachsen;Typ 7;1.025;154;415;641;1.863;40.694;54,1;34,0;11,8;8,7;243.105;1,1;46,9;47,8;3,2;64,6;64,5;0,46;38.300,3;98,6
Cloppenburg, LK;03453000;034530000000;Landkreis;Niedersachsen;;1.165;418;757;749;1.669;58.423;43,0;33,9;23,1;5,5;173.980;9,2;41,1;41,0;19,4;64,6;57,0;5,28;36.391,3;87,0
Coburg;09463000;094630000000;kreisfreie Stadt;Bayern;Typ 2;3.148;718;270;422;2.759;46.285;44,0;32,2;23,8;6,9;40.955;-0,1;45,7;46,7;-0,2;64,2;61,7;0,75;98.415,9;99,3
Coburg, LK;09473000;094730000000;Landkreis;Bayern;;1.107;510;886;187;1.584;54.474;38,8;34,4;26,8;4,5;86.544;-1,0;46,4;49,5;4,0;69,9;67,7;2,40;29.106,8;97,9
Cochem-Zell, LK;07135000;071350000000;Landkreis;Rheinland-Pfalz;;940;330;1.730;663;1.743;54.780;40,6;35,4;24,0;5,1;61.735;-1,7;47,1;50,8;6,7;61,6;60,2;4,72;34.008,6;89,1
Coesfeld, LK;05558000;055580000000;Landkreis;Nordrhein-Westfalen;;1.303;251;609;454;1.580;63.884;37,1;36,0;26,9;3,8;221.352;2,9;44,9;47,6;11,6;65,3;61,5;2,58;31.812,5;92,3
Cottbus;12052000;120520000000;kreisfreie Stadt;Brandenburg;Typ 2;923;501;1.081;1.022;2.274;41.161;47,4;35,3;17,4;9,6;98.359;-1,6;47,1;49,2;4,6;61,5;61,8;1,72;38.348,9;98,3
Cuxhaven, LK;03352000;033520000000;Landkreis;Niedersachsen;;1.049;350;1.614;908;1.850;53.221;43,0;34,4;22,6;7,5;199.603;0,8;46,9;50,5;14,4;60,7;57,4;5,02;26.324,8;90,8
Dachau, LK;09174000;091740000000;Landkreis;Bayern;;1.417;360;861;219;1.566;66.416;27,5;38,3;34,2;3,2;155.449;11,1;43,2;43,9;13,8;69,2;65,2;1,46;31.293,2;98,0
Dahme-Spreewald, LK;12061000;120610000000;Landkreis;Brandenburg;;1.722;851;292;552;2.251;50.832;45,6;34,4;20,0;4,9;175.834;9,8;46,6;49,4;9,8;65,3;65,4;5,79;35.447,7;93,5
Darmstadt;06411000;064110000000;kreisfreie Stadt;Hessen;Typ 7;2.077;108;2.864;1.013;2.704;53.831;45,3;35,5;19,1;7,4;159.631;9,5;41,0;38,0;9,7;58,5;56,0;0,11;88.370,2;99,3
Darmstadt-Dieburg, LK;06432000;064320000000;Landkreis;Hessen;;1.351;209;1.513;630;1.741;59.365;35,1;35,8;29,0;6,0;296.900;4,7;44,6;46,4;9,2;63,3;59,2;0,44;31.520,0;98,6
Deggendorf, LK;09271000;092710000000;Landkreis;Bayern;;1.263;604;1.028;232;1.655;53.640;42,3;33,8;23,8;4,0;120.521;5,1;44,4;45,8;6,4;64,1;59,3;3,50;44.041,2;91,2
Delmenhorst;03401000;034010000000;kreisfreie Stadt;Niedersachsen;Typ 6;921;187;1.231;1.303;1.984;46.748;46,1;34,1;19,8;12,9;77.522;5,7;44,2;45,5;6,5;52,9;48,0;0,38;25.316,7;98,6
Dessau-Ro�lau;15001000;150010000000;kreisfreie Stadt;Sachsen-Anhalt;Typ 1;984;-154;41;542;1.511;46.172;53,2;32,0;14,7;9,8;78.731;-7,9;50,6;54,6;-0,5;65,8;66,1;1,04;33.287,1;96,7
Diepholz, LK;03251000;032510000000;Landkreis;Niedersachsen;;1.304;342;537;926;1.800;56.428;38,7;36,1;25,3;5,6;218.839;4,3;45,5;48,3;9,8;65,4;61,6;5,54;32.713,6;82,1
Dillingen an der Donau, LK;09773000;097730000000;Landkreis;Bayern;;1.323;549;976;177;1.749;57.886;36,9;36,2;26,8;3,1;97.985;5,1;44,1;45,6;8,0;66,8;61,8;3,41;38.453,4;93,6
Dingolfing-Landau, LK;09279000;092790000000;Landkreis;Bayern;;1.893;1.108;600;144;2.140;56.943;37,4;35,3;27,4;3,8;98.045;8,3;43,7;44,8;0,8;69,5;61,6;5,00;69.056,2;92,3
Dithmarschen, LK;01051000;010510000000;Landkreis;Schleswig-Holstein;;1.285;389;1.595;920;1.792;53.215;46,1;32,7;21,2;7,7;133.969;0,4;46,8;50,3;11,7;59,4;54,8;19,70;37.741,9;86,3
Donau-Ries, LK;09779000;097790000000;Landkreis;Bayern;;1.656;737;585;145;1.752;59.442;37,0;36,5;26,5;2,7;134.986;5,4;44,0;45,2;7,0;68,0;62,6;3,47;50.641,0;83,6
Donnersbergkreis, LK;07333000;073330000000;Landkreis;Rheinland-Pfalz;;856;89;3.863;739;1.604;58.997;39,6;36,1;24,3;7,0;75.569;-0,3;45,6;48,7;0,2;62,7;57,2;4,76;27.942,9;77,5
Dortmund;05913000;059130000000;kreisfreie Stadt;Nordrhein-Westfalen;Typ 7;1.396;330;3.846;1.014;2.715;46.467;50,5;32,1;17,5;14,3;586.852;2,7;43,5;43,3;12,2;57,0;52,0;0,14;41.909,7;96,0
Dresden;14612000;146120000000;kreisfreie Stadt;Sachsen;Typ 7;1.186;355;0;545;2.057;42.246;52,5;33,2;14,3;7,4;555.351;7,3;43,3;41,3;7,5;65,7;65,2;0,10;43.336,5;98,6
Duisburg;05112000;051120000000;kreisfreie Stadt;Nordrhein-Westfalen;Typ 6;1.184;195;2.951;1.026;2.242;45.737;52,5;31,4;16,1;15,4;495.152;1,6;43,5;43,9;6,5;54,6;47,2;0,10;37.080,4;97,4
D�ren, LK;05358000;053580000000;Landkreis;Nordrhein-Westfalen;;1.268;141;2.260;640;1.585;54.208;41,9;34,9;23,2;8,8;266.771;3,2;44,6;46,5;8,2;59,5;54,2;2,57;31.761,2;93,7
D�sseldorf;05111000;051110000000;kreisfreie Stadt;Nordrhein-Westfalen;Typ 7;2.523;-91;598;976;2.314;53.820;40,4;36,2;23,3;9,6;619.477;5,1;43,2;42,1;8,9;61,0;58,1;0,23;87.412,2;99,3
Ebersberg, LK;09175000;091750000000;Landkreis;Bayern;;1.503;468;1.375;176;1.678;70.200;20,6;37,9;41,5;2,9;144.562;12,2;43,1;44,2;10,4;67,5;64,7;0,82;35.710,2;96,6
Eichsfeld, LK;16061000;160610000000;Landkreis;Th�ringen;;847;202;764;500;1.698;52.318;50,0;33,6;16,4;5,1;99.324;-2,5;46,4;49,1;-1,8;68,4;66,9;1,96;28.043,7;92,7
Eichst�tt, LK;09176000;091760000000;Landkreis;Bayern;;1.317;446;400;190;1.545;69.213;29,8;37,4;32,8;2,4;133.634;7,8;42,4;42,9;7,8;65,6;57,9;2,86;38.840,1;94,0
Eifelkreis Bitburg-Pr�m, LK;07232000;072320000000;Landkreis;Rheinland-Pfalz;;955;184;2.573;732;1.814;50.472;44,4;33,7;21,9;4,7;100.959;5,4;44,6;46,5;4,0;46,7;47,0;7,00;30.608,1;91,7
Elbe-Elster, LK;12062000;120620000000;Landkreis;Brandenburg;;702;252;418;814;1.820;44.736;48,5;33,2;18,3;7,8;100.317;-8,0;49,8;54,1;1,8;66,2;65,0;10,33;27.760,4;92,2
Emden;03402000;034020000000;kreisfreie Stadt;Niedersachsen;Typ 6;1.468;120;2.701;1.288;2.213;45.071;44,8;34,6;20,5;11,1;49.523;-0,7;44,0;44,6;-3,4;57,2;50,8;4,72;67.109,2;97,8
Emmendingen, LK;08316000;083160000000;Landkreis;Baden-W�rttemberg;;1.244;435;508;599;1.930;57.614;36,8;35,6;27,5;4,0;167.945;7,2;44,6;46,4;10,9;65,9;64,0;1,04;35.553,5;96,5
Emsland, LK;03454000;034540000000;Landkreis;Niedersachsen;;1.271;523;589;854;1.846;56.466;41,9;35,0;23,1;3,8;331.397;6,3;43,2;44,3;12,8;63,4;56,7;6,13;45.566,0;96,2
Ennepe-Ruhr-Kreis, LK;05954000;059540000000;Landkreis;Nordrhein-Westfalen;;1.517;40;2.936;753;1.806;55.540;41,0;34,5;24,5;8,5;322.143;-0,9;46,3;49,3;5,4;61,6;57,3;0,22;31.699,8;97,0
Enzkreis, LK;08236000;082360000000;Landkreis;Baden-W�rttemberg;;1.301;200;357;590;1.746;65.314;29,2;37,9;33,0;4,1;200.237;4,6;44,7;46,6;7,5;66,1;61,4;0,61;31.514,5;93,5
Erding, LK;09177000;091770000000;Landkreis;Bayern;;1.538;425;896;245;1.635;67.237;29,5;38,1;32,3;3,1;139.622;10,2;42,7;43,8;4,6;68,0;64,9;2,09;32.495,0;94,9
Erfurt;16051000;160510000000;kreisfreie Stadt;Th�ringen;Typ 7;1.077;263;433;894;2.121;40.868;52,7;33,3;14,1;7,5;213.227;5,6;44,7;44,2;4,7;63,5;61,7;0,50;44.472,5;97,8
Erlangen;09562000;095620000000;kreisfreie Stadt;Bayern;Typ 11;2.776;387;824;409;2.578;51.352;39,8;35,7;24,4;5,1;113.292;8,6;41,6;38,9;4,4;63,4;58,4;0,26;104.279,8;98,9
Erlangen-H�chstadt, LK;09572000;095720000000;Landkreis;Bayern;;1.529;769;672;183;1.965;64.295;30,6;36,7;32,7;3,1;139.323;6,6;44,2;45,8;9,7;67,9;63,7;1,17;39.288,6;98,6
Erzgebirgskreis, LK;14521000;145210000000;Landkreis;Sachsen;;749;159;467;384;1.390;45.705;52,1;32,1;15,8;5,6;328.695;-8,5;49,2;53,0;0,5;69,5;69,1;0,76;25.701,8;90,2
Essen;05113000;051130000000;kreisfreie Stadt;Nordrhein-Westfalen;Typ 7;1.540;204;5.209;1.120;2.296;49.607;48,0;33,2;18,8;13,5;579.432;2,4;44,1;44,1;6,7;55,8;52,0;0,11;46.793,3;98,2
Esslingen, LK;08116000;081160000000;Landkreis;Baden-W�rttemberg;;1.595;358;565;597;1.979;60.876;28,8;38,8;32,5;5,0;533.388;5,6;44,1;44,9;5,6;65,9;61,3;0,33;44.883,2;95,3
Euskirchen, LK;05366000;053660000000;Landkreis;Nordrhein-Westfalen;;1.285;-64;1.487;504;1.608;55.240;40,6;35,2;24,2;7,8;194.701;3,7;45,2;47,9;4,4;59,6;55,7;2,13;29.775,9;96,0
Flensburg;01001000;010010000000;kreisfreie Stadt;Schleswig-Holstein;Typ 7;1.318;175;596;1.567;2.604;36.425;47,0;35,1;17,9;11,7;91.113;10,0;42,5;40,9;4,7;54,0;52,9;1,00;43.259,0;99,2
Forchheim, LK;09474000;094740000000;Landkreis;Bayern;;1.457;700;688;196;1.977;60.287;35,9;35,4;28,7;3,7;116.753;3,3;44,9;47,0;15,0;67,3;63,1;1,31;34.680,8;96,5
Frankenthal (Pfalz);07311000;073110000000;kreisfreie Stadt;Rheinland-Pfalz;Typ 6;1.120;-26;5.808;885;1.865;50.158;41,7;35,2;23,1;10,2;48.773;4,6;44,8;45,5;16,8;53,0;46,3;0,33;38.652,1;99,6
Frankfurt am Main;06412000;064120000000;kreisfreie Stadt;Hessen;Typ 7;3.682;455;3.460;1.312;3.619;52.745;46,1;33,8;20,1;8,1;759.224;12,2;41,1;39,7;9,3;59,8;56,4;0,10;97.582,5;99,3
Frankfurt (Oder);12053000;120530000000;kreisfreie Stadt;Brandenburg;Typ 2;849;380;843;1.226;2.255;43.784;48,9;35,9;15,2;9,8;56.679;-4,0;47,9;50,7;5,1;60,7;60,5;1,00;40.830,8;96,6
Freiburg im Breisgau;08311000;083110000000;kreisfreie Stadt;Baden-W�rttemberg;Typ 7;1.731;378;1.213;986;2.656;42.761;51,2;32,2;16,6;7,3;231.848;8,2;40,9;37,9;11,2;53,7;51,7;0,35;59.143,3;98,9
Freising, LK;09178000;091780000000;Landkreis;Bayern;;1.691;475;590;216;1.737;61.058;30,5;37,5;32,0;3,4;181.144;10,3;41,8;41,7;6,2;68,5;64,0;1,93;48.604,9;96,3
Freudenstadt, LK;08237000;082370000000;Landkreis;Baden-W�rttemberg;;1.477;405;576;583;2.049;61.525;35,6;36,8;27,5;4,5;119.183;3,4;44,5;46,3;8,0;67,6;61,8;1,22;42.338,5;91,5
Freyung-Grafenau, LK;09272000;092720000000;Landkreis;Bayern;;1.122;580;1.458;157;1.602;51.630;45,3;32,9;21,7;4,0;78.632;0,6;45,9;49,0;13,4;63,3;58,8;2,17;34.093,8;89,8
Friesland, LK;03455000;034550000000;Landkreis;Niedersachsen;;987;214;1.051;843;1.708;51.084;45,9;33,1;21,0;5,6;98.971;1,1;47,4;51,2;7,7;61,6;59,2;4,30;28.444,8;89,3
Fulda, LK;06631000;066310000000;Landkreis;Hessen;;1.164;489;1.093;531;1.877;53.816;42,3;35,3;22,4;4,1;223.572;3,5;44,4;45,6;5,5;62,6;58,2;1,17;39.816,9;98,7
F�rstenfeldbruck, LK;09179000;091790000000;Landkreis;Bayern;;1.437;382;935;283;1.737;63.906;24,8;38,0;37,1;4,1;218.579;7,7;44,5;45,7;12,7;66,9;63,7;0,66;29.794,9;99,3
F�rth;09563000;095630000000;kreisfreie Stadt;Bayern;Typ 7;1.446;415;1.446;430;1.893;50.210;43,9;35,3;20,8;6,9;129.122;10,7;43,1;43,3;7,7;65,8;62,5;0,29;38.815,6;99,7
F�rth, LK;09573000;095730000000;Landkreis;Bayern;;1.194;267;1.173;213;1.418;54.695;32,0;37,7;30,3;4,0;119.432;5,5;45,5;47,7;6,3;66,8;64,4;1,43;24.225,4;98,8
Garmisch-Partenkirchen, LK;09180000;091800000000;Landkreis;Bayern;;1.241;552;1.009;260;1.723;49.923;40,1;34,4;25,4;4,4;88.232;4,7;46,7;49,3;7,2;62,1;62,9;0,64;32.010,3;98,3
Gelsenkirchen;05513000;055130000000;kreisfreie Stadt;Nordrhein-Westfalen;Typ 6;915;47;4.673;972;2.148;45.047;52,9;32,6;14,5;18,4;260.126;0,8;43,3;43,9;6,3;51,8;46,3;0,11;33.687,6;99,4
Gera;16052000;160520000000;kreisfreie Stadt;Th�ringen;Typ 2;825;229;746;1.025;2.068;39.702;54,5;32,7;12,8;9,7;91.368;-4,6;49,2;52,8;3,5;64,8;63,5;0,46;32.248,4;95,8
Germersheim, LK;07334000;073340000000;Landkreis;Rheinland-Pfalz;;1.119;-84;2.615;696;1.562;58.967;34,7;36,0;29,4;5,2;129.313;4,0;44,3;46,0;4,4;65,8;59,2;1,22;37.719,8;95,0
Gie�en, LK;06531000;065310000000;Landkreis;Hessen;;1.209;364;1.562;717;1.913;47.497;46,7;33,3;20,0;7,5;272.874;8,0;42,8;41,7;10,7;56,4;53,3;0,64;39.092,2;97,2
Gifhorn, LK;03151000;031510000000;Landkreis;Niedersachsen;;1.028;315;1.006;768;1.608;62.304;39,5;33,8;26,7;5,4;177.919;4,1;44,2;46,2;8,0;64,0;56,7;1,98;22.258,8;85,8
G�ppingen, LK;08117000;081170000000;Landkreis;Baden-W�rttemberg;;1.263;373;478;632;1.878;55.741;33,7;36,7;29,6;5,7;259.046;4,8;44,6;46,0;2,4;63,7;58,1;1,03;33.451,1;97,5
G�rlitz, LK;14626000;146260000000;Landkreis;Sachsen;;838;406;699;548;1.904;43.036;51,7;32,6;15,7;9,5;248.273;-7,3;49,6;53,9;4,0;64,9;65,1;1,94;30.886,1;87,8
Goslar, LK;03153000;031530000000;Landkreis;Niedersachsen;;1.050;304;1.060;1.088;1.964;45.501;47,1;32,3;20,6;8,5;134.050;-4,0;48,4;51,7;2,1;59,1;56,8;0,95;k.A.;98,4
Gotha, LK;16067000;160670000000;Landkreis;Th�ringen;;828;350;561;569;1.826;49.025;51,4;32,3;16,3;6,5;133.825;-1,6;47,4;50,5;3,6;68,6;67,4;1,39;30.602,6;97,1
G�ttingen, LK;03159000;031590000000;Landkreis;Niedersachsen;;1.180;352;1.545;1.094;1.854;46.187;47,4;33,4;19,2;7,5;323.661;-0,2;45,2;46,4;5,2;58,7;56,3;0,93;38.953,5;97,5
Grafschaft Bentheim;03456000;034560000000;Landkreis;Niedersachsen;;1.139;486;914;826;1.751;48.453;42,9;34,9;22,2;3,7;138.722;4,0;44,0;45,9;11,8;61,7;57,2;3,29;36.357,7;88,5
Greiz, LK;16076000;160760000000;Landkreis;Th�ringen;;795;301;556;577;1.767;45.838;51,9;31,4;16,7;5,8;96.102;-8,0;50,2;54,5;-2,2;66,7;67,2;2,18;24.493,1;89,4
Gro�-Gerau, LK;06433000;064330000000;Landkreis;Hessen;;1.390;96;2.329;524;1.886;54.131;38,0;36,1;25,9;7,0;276.307;9,3;43,1;43,6;6,4;63,3;57,0;0,35;45.959,6;98,2
G�nzburg, LK;09774000;097740000000;Landkreis;Bayern;;1.357;553;438;156;1.681;58.565;37,6;36,7;25,7;3,0;128.436;6,9;43,6;44,8;11,0;67,9;63,0;2,46;49.400,0;94,5
G�tersloh, LK;05754000;057540000000;Landkreis;Nordrhein-Westfalen;;1.788;431;555;472;1.817;59.205;35,4;37,8;26,8;5,1;366.104;4,4;43,8;45,2;11,8;67,7;61,0;1,04;52.010,9;94,8
Hagen;05914000;059140000000;kreisfreie Stadt;Nordrhein-Westfalen;Typ 6;1.306;97;5.357;866;2.216;48.470;48,9;34,6;16,5;14,6;188.713;0,7;44,2;45,3;3,0;58,5;52,5;0,47;35.662,1;98,9
Halle (Saale);15002000;150020000000;kreisfreie Stadt;Sachsen-Anhalt;Typ 7;793;-39;2.335;790;1.789;39.035;55,1;32,6;12,3;10,8;238.061;3,3;44,5;43,4;4,2;59,9;57,5;0,54;34.229,9;95,1
Hamburg;02000000;020000000000;kreisfreie Stadt;Hamburg;Typ 7;2.375;k.A.;k.A.;k.A.;k.A.;49.408;43,7;35,3;21,0;9,4;1.853.935;7,9;42,2;41,0;8,0;61,8;59,4;0,12;70.592,0;98,7
Hameln-Pyrmont, LK;03252000;032520000000;Landkreis;Niedersachsen;;1.123;284;2.329;1.171;2.010;45.820;45,6;33,4;21,0;8,4;148.963;-0,4;46,7;50,0;3,8;62,2;58,8;1,87;38.381,2;90,0
Hamm;05915000;059150000000;kreisfreie Stadt;Nordrhein-Westfalen;Typ 6;1.082;82;2.145;843;1.835;50.872;48,6;34,3;17,1;10,8;179.238;1,6;43,8;44,6;10,9;57,9;52,2;0,57;30.840,0;98,4
Harburg, LK;03353000;033530000000;Landkreis;Niedersachsen;;1.278;428;757;800;1.831;61.269;36,1;35,4;28,5;5,5;257.548;7,6;45,2;47,7;17,3;64,5;60,9;1,42;26.099,3;93,8
Harz, LK;15085000;150850000000;Landkreis;Sachsen-Anhalt;;775;46;1.453;402;1.520;46.253;51,7;31,2;17,0;6,8;209.117;-7,1;49,5;53,4;-1,4;66,6;65,9;2,65;26.065,8;87,4
Ha�berge, LK;09674000;096740000000;Landkreis;Bayern;;1.044;490;834;172;1.567;54.027;40,3;36,1;23,6;3,9;84.284;-0,2;45,3;48,0;6,8;66,9;61,5;3,97;33.456,1;95,6
Havelland, LK;12063000;120630000000;Landkreis;Brandenburg;;843;66;343;750;1.738;53.250;45,7;32,5;21,8;6,7;165.906;8,5;46,2;49,5;7,0;64,0;64,0;3,37;22.603,6;92,8
Heidekreis, LK;03358000;033580000000;Landkreis;Niedersachsen;;1.079;286;1.871;925;1.846;49.462;45,0;33,8;21,3;7,5;142.912;5,0;45,0;47,0;7,4;61,2;59,1;3,27;36.779,4;87,6
Heidelberg;08221000;082210000000;kreisfreie Stadt;Baden-W�rttemberg;Typ 11;1.630;307;1.378;745;2.534;51.352;42,9;35,5;21,6;6,4;159.245;7,3;40,7;37,2;5,4;49,8;47,6;0,24;58.725,4;94,8
Heidenheim, LK;08135000;081350000000;Landkreis;Baden-W�rttemberg;;1.264;606;1.028;661;2.104;56.641;35,3;36,0;28,6;5,5;132.958;4,1;44,6;45,8;6,8;66,0;60,1;2,36;39.123,1;95,6
Heilbronn;08121000;081210000000;kreisfreie Stadt;Baden-W�rttemberg;Typ 6;1.773;917;84;878;2.433;55.314;43,1;36,8;20,1;7,0;125.613;7,6;42,5;41,7;5,9;66,2;60,3;0,37;60.494,6;93,1
Heilbronn, LK;08125000;081250000000;Landkreis;Baden-W�rttemberg;;1.552;467;359;527;1.911;63.963;32,0;37,1;30,9;4,3;347.798;7,6;43,5;44,6;9,8;67,4;61,4;1,05;60.796,6;95,0
Heinsberg, LK;05370000;053700000000;Landkreis;Nordrhein-Westfalen;;1.102;20;940;598;1.498;55.420;41,1;34,6;24,3;7,2;258.306;4,1;44,8;47,1;14,0;57,6;53,1;1,81;27.789,3;98,0
Helmstedt, LK;03154000;031540000000;Landkreis;Niedersachsen;;981;224;2.988;967;1.757;53.848;42,3;33,5;24,3;7,4;91.379;0,5;46,1;48,8;9,8;65,6;59,7;2,08;22.272,7;94,2
Herford, LK;05758000;057580000000;Landkreis;Nordrhein-Westfalen;;1.386;123;2.287;565;1.599;58.275;41,1;35,9;23,0;6,9;250.635;0,3;45,1;47,2;6,1;64,7;60,2;0,56;36.544,8;95,2
Herne;05916000;059160000000;kreisfreie Stadt;Nordrhein-Westfalen;Typ 7;932;155;4.549;901;2.196;45.936;52,0;32,5;15,5;14,2;156.621;1,1;44,4;45,6;11,7;54,6;49,7;0,08;27.773,2;99,3
Hersfeld-Rotenburg, LK;06632000;066320000000;Landkreis;Hessen;;1.140;441;3.706;529;1.875;50.065;44,8;33,2;22,0;4,7;120.163;-0,5;46,2;49,0;5,4;63,2;58,8;3,17;40.412,7;91,2
Herzogtum Lauenburg;01053000;010530000000;Landkreis;Schleswig-Holstein;;1.049;279;961;745;1.507;55.743;39,2;34,6;26,2;6,8;200.819;7,2;45,4;47,7;9,7;60,3;57,6;1,06;25.147,5;98,0
Hildburghausen, LK;16069000;160690000000;Landkreis;Th�ringen;;805;273;316;526;1.572;48.832;51,6;33,3;15,1;4,8;62.089;-5,9;47,9;51,2;-6,3;71,0;71,6;1,91;25.057,7;92,6
Hildesheim, LK;03254000;032540000000;Landkreis;Niedersachsen;;1.087;237;2.075;1.092;1.789;49.901;43,0;35,0;22,0;8,3;274.773;-0,6;45,8;48,3;6,3;60,7;57,2;1,02;30.435,4;97,3
Hochsauerlandkreis, LK;05958000;059580000000;Landkreis;Nordrhein-Westfalen;;1.491;220;1.316;518;1.641;56.989;39,4;36,8;23,8;5,4;258.615;-2,5;45,6;48,3;7,6;65,4;59,0;1,52;39.755,0;97,0
Hochtaunuskreis, LK;06434000;064340000000;Landkreis;Hessen;;2.064;218;3.641;591;2.078;73.533;22,1;37,5;40,4;5,8;237.041;4,4;45,4;47,7;7,7;60,0;57,2;0,46;48.558,4;99,1
Hof;09464000;094640000000;kreisfreie Stadt;Bayern;Typ 6;1.222;376;1.882;617;1.913;42.986;46,7;32,4;20,9;7,7;45.125;1,4;45,5;47,0;3,0;62,5;59,2;0,56;46.253,0;99,3
Hof, LK;09475000;094750000000;Landkreis;Bayern;;1.088;476;1.054;214;1.649;50.571;44,1;32,6;23,3;4,4;93.907;-4,9;47,9;51,5;0,3;65,1;63,7;4,94;36.823,8;86,1
Hohenlohekreis, LK;08126000;081260000000;Landkreis;Baden-W�rttemberg;;1.761;443;524;512;2.114;60.413;33,5;37,3;29,2;3,8;113.318;5,7;43,7;44,8;9,5;69,7;64,1;2,23;55.083,8;89,0
Holzminden, LK;03255000;032550000000;Landkreis;Niedersachsen;;1.142;72;2.078;1.107;1.771;50.247;45,5;32,9;21,6;8,1;69.862;-4,5;47,5;51,1;8,8;61,5;57,6;1,57;34.697,1;96,8
H�xter, LK;05762000;057620000000;Landkreis;Nordrhein-Westfalen;;1.054;141;823;466;1.477;54.198;46,1;33,0;20,9;5,0;139.994;-3,4;45,8;48,8;4,2;63,3;58,2;7,70;30.261,5;77,5
Ilm-Kreis, LK;16070000;160700000000;Landkreis;Th�ringen;;961;383;833;532;1.845;45.095;51,5;30,4;18,0;6,6;105.367;-4,3;47,4;50,2;3,1;65,7;65,0;0,59;30.894,7;89,6
Ingolstadt;09161000;091610000000;kreisfreie Stadt;Bayern;Typ 5;1.886;-95;0;418;1.593;54.082;38,5;38,2;23,3;4,5;138.016;9,5;42,2;41,1;-0,1;67,9;60,3;0,54;130.006,1;98,8
Jena;16053000;160530000000;kreisfreie Stadt;Th�ringen;Typ 7;1.249;197;58;814;2.135;41.189;48,1;35,6;16,3;6,9;110.502;3,8;43,1;39,9;7,1;59,3;58,5;0,15;48.399,3;98,3
Jerichower Land, LK;15086000;150860000000;Landkreis;Sachsen-Anhalt;;769;113;1.016;369;1.449;46.202;53,0;30,1;16,9;8,2;89.118;-4,4;48,6;52,6;2,4;65,4;66,1;5,79;29.075,9;93,1
Kaiserslautern;07312000;073120000000;kreisfreie Stadt;Rheinland-Pfalz;Typ 6;1.423;626;7.677;1.215;2.477;38.327;46,1;35,7;18,2;11,5;99.292;2,4;43,2;41,6;5,2;56,7;53,4;0,68;50.251,4;96,6
Kaiserslautern, LK;07335000;073350000000;Landkreis;Rheinland-Pfalz;;948;327;3.942;733;1.738;57.080;39,9;35,3;24,7;6,8;106.853;1,9;44,7;47,2;3,8;60,7;57,0;1,61;22.799,6;81,3
Karlsruhe;08212000;082120000000;kreisfreie Stadt;Baden-W�rttemberg;Typ 7;1.957;225;1.518;924;2.668;45.306;46,4;34,5;19,1;6,1;306.502;5,0;42,8;40,8;4,8;58,5;56,7;0,16;72.243,7;99,0
Karlsruhe, LK;08215000;082150000000;Landkreis;Baden-W�rttemberg;;1.350;252;732;528;1.831;60.282;34,6;36,4;29,1;4,3;448.487;5,6;44,8;46,5;9,2;65,7;61,2;0,63;38.430,1;96,9
Kassel;06611000;066110000000;kreisfreie Stadt;Hessen;Typ 7;1.617;529;2.572;1.143;2.585;39.784;51,4;33,2;15,4;10,4;200.406;4,5;42,7;41,0;6,6;56,8;51,9;0,28;54.971,6;98,9
Kassel, LK;06633000;066330000000;Landkreis;Hessen;;1.130;258;1.801;494;1.742;56.730;39,8;35,1;25,1;5,1;237.268;1,1;46,8;50,0;5,3;63,7;59,5;1,98;29.452,9;79,7
Kaufbeuren;09762000;097620000000;kreisfreie Stadt;Bayern;Typ 6;1.100;196;633;333;1.550;45.249;44,6;34,5;20,9;5,2;45.118;8,8;44,7;45,4;9,8;64,9;59,7;0,60;38.717,6;99,4
Kelheim, LK;09273000;092730000000;Landkreis;Bayern;;1.281;448;347;168;1.608;59.177;37,8;35,7;26,4;3,9;123.899;9,5;43,2;44,2;9,2;66,6;59,5;3,30;35.747,4;96,2
Kempten (Allg�u);09763000;097630000000;kreisfreie Stadt;Bayern;Typ 6;1.492;257;11;319;1.736;43.046;43,6;35,3;21,1;4,8;69.053;7,4;44,2;43,7;-0,1;65,3;62,2;0,70;53.734,7;99,1
Kiel;01002000;010020000000;kreisfreie Stadt;Schleswig-Holstein;Typ 7;1.344;214;2.250;1.419;2.474;40.158;51,1;33,1;15,8;10,6;246.243;3,6;42,4;40,0;6,6;55,1;52,5;0,06;50.567,8;99,2
Kitzingen, LK;09675000;096750000000;Landkreis;Bayern;;1.255;506;533;164;1.685;55.774;41,4;34,1;24,5;3,2;91.980;4,8;44,7;46,4;12,3;65,8;62,5;3,16;37.893,7;97,5
Kleve, LK;05154000;051540000000;Landkreis;Nordrhein-Westfalen;;1.170;197;889;587;1.566;53.755;39,0;35,7;25,3;7,0;314.676;4,5;44,6;46,4;9,3;57,4;55,0;2,45;33.627,1;92,5
Koblenz;07111000;071110000000;kreisfreie Stadt;Rheinland-Pfalz;Typ 7;1.837;516;3.329;1.056;2.543;40.584;45,6;35,7;18,7;8,5;113.638;5,3;43,9;42,3;7,1;57,2;54,4;0,33;76.814,3;98,1
K�ln;05315000;053150000000;kreisfreie Stadt;Nordrhein-Westfalen;Typ 7;2.170;-102;2.044;1.227;2.495;50.419;47,0;32,9;20,2;11,7;1.073.096;5,9;42,1;40,9;9,9;57,9;54,6;0,09;62.144,8;99,8
Konstanz, LK;08335000;083350000000;Landkreis;Baden-W�rttemberg;;1.352;354;427;657;1.897;52.583;40,0;35,2;24,9;5,6;288.097;7,4;44,0;44,6;7,0;57,3;56,0;0,79;38.558,6;93,0
Krefeld;05114000;051140000000;kreisfreie Stadt;Nordrhein-Westfalen;Typ 7;1.520;-208;2.679;911;1.894;45.998;47,2;34,6;18,2;13,6;227.050;2,3;44,8;46,2;8,5;58,0;52,8;0,25;k.A.;98,1
Kronach, LK;09476000;094760000000;Landkreis;Bayern;;1.093;523;1.110;135;1.660;51.666;40,0;34,5;25,5;4,4;66.091;-5,0;47,8;51,2;1,1;67,3;65,1;1,54;35.365,4;92,4
Kulmbach, LK;09477000;094770000000;Landkreis;Bayern;;1.219;475;957;205;1.697;53.362;43,3;33,0;23,7;4,4;71.328;-3,2;47,2;50,6;7,2;68,1;66,4;3,14;39.225,1;97,7
Kusel, LK;07336000;073360000000;Landkreis;Rheinland-Pfalz;;771;226;6.465;835;1.678;57.743;39,8;36,9;23,3;5,9;69.949;-3,5;46,8;50,7;3,4;61,7;57,3;3,14;19.424,6;80,6
Kyffh�userkreis, LK;16065000;160650000000;Landkreis;Th�ringen;;716;351;1.071;707;1.826;44.816;52,5;31,1;16,4;9,1;72.964;-8,2;49,1;53,1;-7,3;63,5;61,6;2,80;24.676,5;95,0
Lahn-Dill-Kreis, LK;06532000;065320000000;Landkreis;Hessen;;1.367;411;2.746;477;1.858;52.848;41,2;34,8;24,0;6,6;253.364;0,2;45,2;47,3;5,7;61,1;55,5;1,11;35.802,5;97,2
Landau in der Pfalz;07313000;073130000000;kreisfreie Stadt;Rheinland-Pfalz;Typ 6;1.510;181;907;842;1.914;48.160;40,9;34,8;24,3;7,7;46.919;7,9;43,2;42,4;14,8;56,8;51,9;0,64;46.154,7;99,0
Landsberg am Lech, LK;09181000;091810000000;Landkreis;Bayern;;1.518;545;1.245;214;1.774;64.449;32,6;36,4;31,0;3,7;121.466;7,0;44,3;46,3;10,9;62,0;59,7;2,96;38.382,0;94,2
Landshut;09261000;092610000000;kreisfreie Stadt;Bayern;Typ 6;1.504;421;2.198;451;1.876;47.702;40,4;36,8;22,8;6,0;73.150;13,8;43,8;43,6;6,8;63,6;59,0;1,21;60.918,5;99,3
Landshut, LK;09274000;092740000000;Landkreis;Bayern;;1.476;726;502;211;1.797;62.468;37,0;35,8;27,3;3,6;162.331;9,9;43,4;44,9;12,4;66,5;61,1;3,24;40.552,6;89,2
Leer, LK;03457000;034570000000;Landkreis;Niedersachsen;;950;283;1.170;962;1.682;51.475;47,6;32,7;19,7;7,4;172.421;5,1;44,5;46,7;8,3;57,7;51,7;1,86;27.889,5;92,8
Leipzig;14713000;147130000000;kreisfreie Stadt;Sachsen;Typ 7;1.134;214;773;804;2.000;39.880;56,6;32,1;11,3;8,6;601.866;18,0;42,3;39,5;9,2;62,2;61,1;0,21;39.550,5;98,8
Leipzig, LK;14729000;147290000000;Landkreis;Sachsen;;892;214;487;471;1.428;49.225;49,3;32,6;18,1;6,5;258.214;-1,0;48,0;51,6;5,2;67,9;68,4;1,69;29.887,0;88,1
Leverkusen;05316000;053160000000;kreisfreie Stadt;Nordrhein-Westfalen;Typ 7;1.735;36;2.529;933;2.078;50.742;42,6;37,4;20,0;10,0;163.851;2,8;44,6;45,9;3,8;60,8;54,8;0,10;51.383,2;99,5
Lichtenfels, LK;09478000;094780000000;Landkreis;Bayern;;1.136;615;1.483;187;1.718;51.358;42,5;33,9;23,6;4,6;66.741;-0,7;46,2;49,0;3,3;68,6;65,7;2,57;37.455,0;97,4
Limburg-Weilburg, LK;06533000;065330000000;Landkreis;Hessen;;1.241;526;1.411;492;1.916;55.041;42,7;33,7;23,6;6,0;172.759;1,3;45,1;47,2;9,8;59,9;54,8;1,22;32.862,5;96,8
Lindau (Bodensee), LK;09776000;097760000000;Landkreis;Bayern;;1.352;436;941;243;1.676;52.776;39,0;35,5;25,5;3,8;82.330;4,9;45,5;47,6;5,2;62,4;60,4;0,75;38.711,3;92,4
Lippe, LK;05766000;057660000000;Landkreis;Nordrhein-Westfalen;;1.257;207;2.311;598;1.718;55.248;44,7;33,8;21,5;7,2;346.151;-0,5;44,9;46,9;8,2;63,7;58,8;1,19;33.036,7;86,6
L�rrach, LK;08336000;083360000000;Landkreis;Baden-W�rttemberg;;1.395;397;568;702;2.036;57.914;38,8;34,7;26,5;7,3;229.445;4,5;44,3;45,8;2,0;51,5;51,1;1,99;34.873,4;89,2
L�beck;01003000;010030000000;kreisfreie Stadt;Schleswig-Holstein;Typ 6;1.216;285;2.245;1.423;2.345;43.153;50,1;33,3;16,6;10,3;216.277;2,7;45,4;46,4;8,9;58,4;55,8;0,20;47.306,3;98,7
L�chow-Dannenberg, LK;03354000;033540000000;Landkreis;Niedersachsen;;869;370;2.321;1.071;2.143;48.293;47,6;32,3;20,2;9,6;48.472;-1,2;48,6;52,8;5,1;56,4;54,0;3,50;26.574,7;82,9
Ludwigsburg, LK;08118000;081180000000;Landkreis;Baden-W�rttemberg;;1.633;264;406;686;1.950;63.605;30,0;38,2;31,9;4,2;544.679;6,4;43,6;44,3;7,7;66,6;61,0;0,42;45.704,3;97,9
Ludwigshafen am Rhein;07314000;073140000000;kreisfreie Stadt;Rheinland-Pfalz;Typ 7;1.634;68;7.081;1.132;2.265;45.399;44,9;36,5;18,6;11,6;172.145;8,5;42,2;41,8;3,4;60,3;52,2;0,14;76.273,6;99,7
Ludwigslust-Parchim, LK;13076000;130760000000;Landkreis;Mecklenburg-Vorpommern;;830;-150;981;641;1.602;48.609;50,5;32,3;17,2;7,2;211.899;-0,8;47,6;51,5;2,2;66,6;66,2;7,37;27.928,1;77,1
L�neburg, LK;03355000;033550000000;Landkreis;Niedersachsen;;1.131;307;2.468;946;1.910;51.016;43,1;34,7;22,2;7,6;185.129;6,0;44,1;45,4;9,4;58,3;55,7;1,93;30.864,6;97,0
Magdeburg;15003000;150030000000;kreisfreie Stadt;Sachsen-Anhalt;Typ 7;1.005;4;1.099;568;1.807;39.525;54,8;32,7;12,5;9,8;236.188;3,2;45,2;44,6;2,4;64,0;63,4;0,34;38.041,1;93,5
Main-Kinzig-Kreis, LK;06435000;064350000000;Landkreis;Hessen;;1.418;37;2.049;438;1.990;54.366;38,4;35,9;25,6;6,3;423.465;5,4;44,7;46,4;8,3;62,2;57,4;1,15;38.747,5;96,6
Main-Spessart, LK;09677000;096770000000;Landkreis;Bayern;;1.289;432;987;154;1.612;56.923;36,4;36,6;27,0;2,9;126.105;-0,8;46,4;49,6;5,8;68,2;63,7;2,64;40.874,5;96,6
Main-Tauber-Kreis, LK;08128000;081280000000;Landkreis;Baden-W�rttemberg;;1.296;628;754;548;1.992;56.369;36,9;36,6;26,5;4,2;132.956;1,9;45,5;47,8;5,6;67,2;62,9;4,28;41.178,0;98,2
Main-Taunus-Kreis, LK;06436000;064360000000;Landkreis;Hessen;;2.630;614;2.775;539;2.343;66.911;24,8;37,6;37,5;5,5;239.276;6,4;44,4;45,9;10,1;64,4;61,0;0,31;59.624,5;98,7
Mainz;07315000;073150000000;kreisfreie Stadt;Rheinland-Pfalz;Typ 7;2.234;2.783;4.238;990;4.728;47.387;46,3;35,5;18,2;7,4;217.556;8,2;41,6;38,7;7,8;58,9;56,0;0,24;104.338,5;99,1
Mainz-Bingen, LK;07339000;073390000000;Landkreis;Rheinland-Pfalz;;2.479;490;734;867;2.219;67.849;29,5;36,7;33,8;5,2;212.420;5,5;45,0;47,5;9,9;63,4;60,4;1,11;41.771,4;98,7
Mannheim;08222000;082220000000;kreisfreie Stadt;Baden-W�rttemberg;Typ 7;2.034;484;1.709;1.125;2.896;41.131;48,6;32,8;18,6;8,8;311.831;7,0;42,2;40,5;4,5;60,8;56,7;0,35;68.917,4;99,0
Mansfeld-S�dharz, LK;15087000;150870000000;Landkreis;Sachsen-Anhalt;;644;24;1.735;558;1.488;44.426;54,2;30,8;15,0;11,4;132.317;-9,8;50,4;54,7;0,4;64,0;63,0;6,88;23.368,7;88,4
Marburg-Biedenkopf, LK;06534000;065340000000;Landkreis;Hessen;;1.936;1.850;1.449;470;3.400;47.404;45,5;33,6;20,9;5,2;246.097;1,9;43,3;43,2;6,3;58,3;55,0;1,56;42.512,5;98,3
M�rkischer Kreis, LK;05962000;059620000000;Landkreis;Nordrhein-Westfalen;;1.526;143;2.219;639;1.732;55.397;39,6;36,7;23,7;8,7;406.793;-3,7;45,3;47,8;2,7;62,9;56,1;0,31;38.707,3;85,6
M�rkisch-Oderland, LK;12064000;120640000000;Landkreis;Brandenburg;;771;301;539;723;1.712;51.414;46,4;32,9;20,7;7,0;197.965;5,8;47,4;51,0;7,2;63,4;64,2;7,20;23.626,6;85,7
Mayen-Koblenz, LK;07137000;071370000000;Landkreis;Rheinland-Pfalz;;1.122;273;2.247;786;1.692;53.979;39,4;35,6;25,0;4,5;215.446;2,5;45,3;47,5;6,1;61,0;57,3;0,97;32.575,8;95,8
Mecklenburgische Seenplatte, LK;13071000;130710000000;Landkreis;Mecklenburg-Vorpommern;;794;225;876;797;1.766;44.969;52,5;32,1;15,4;10,4;257.525;-3,4;48,5;52,7;0,5;62,6;63,6;5,43;30.804,6;74,8
Mei�en, LK;14627000;146270000000;Landkreis;Sachsen;;902;247;469;478;1.513;48.952;51,1;31,8;17,0;6,7;239.344;-2,8;48,5;51,9;1,8;68,3;67,8;2,02;30.409,2;84,5
Memmingen;09764000;097640000000;kreisfreie Stadt;Bayern;Typ 4;1.693;290;423;187;1.761;50.424;39,9;35,9;24,2;4,6;44.721;8,4;44,2;44,8;4,8;65,7;59,5;0,78;64.476,1;98,7
Merzig-Wadern, LK;10042000;100420000000;Landkreis;Saarland;;901;244;1.728;452;1.613;50.967;43,0;35,0;22,0;6,9;103.426;-0,2;46,5;49,5;4,9;51,2;50,2;2,66;28.349,9;94,1
Mettmann, LK;05158000;051580000000;Landkreis;Nordrhein-Westfalen;;2.200;360;1.686;700;2.095;57.498;33,3;37,9;28,9;8,5;484.411;1,4;46,0;48,6;8,4;62,2;58,1;0,16;44.051,2;96,5
Miesbach, LK;09182000;091820000000;Landkreis;Bayern;;1.696;720;2.036;188;1.873;61.498;31,0;37,0;31,9;3,6;99.978;6,4;45,5;47,7;9,4;63,8;62,5;1,21;39.384,0;94,9
Miltenberg, LK;09676000;096760000000;Landkreis;Bayern;;1.225;599;779;198;1.648;58.418;36,6;35,2;28,2;4,2;128.782;0,5;45,3;47,8;6,8;65,5;59,8;0,99;38.402,7;97,6
Minden-L�bbecke, LK;05770000;057700000000;Landkreis;Nordrhein-Westfalen;;1.515;554;1.025;656;1.886;55.550;42,5;35,1;22,4;6,6;311.214;0,1;44,8;47,0;7,4;64,5;60,0;1,00;44.585,6;85,6
Mittelsachsen, LK;14522000;145220000000;Landkreis;Sachsen;;883;154;370;368;1.436;45.483;51,3;32,0;16,7;6,1;299.329;-6,5;48,6;52,1;-2,4;68,5;68,8;2,16;29.763,5;86,3
M�nchengladbach;05116000;051160000000;kreisfreie Stadt;Nordrhein-Westfalen;Typ 6;1.447;260;2.945;1.022;1.976;49.878;48,7;34,1;17,2;12,9;261.001;2,4;44,1;44,9;9,0;57,5;52,8;0,38;35.678,8;98,4
M�hldorf am Inn, LK;09183000;091830000000;Landkreis;Bayern;;1.375;458;911;258;1.737;57.270;36,8;36,3;26,9;4,4;117.606;10,1;43,7;44,9;11,6;65,0;60,2;2,30;37.438,5;95,6
M�lheim an der Ruhr;05117000;051170000000;kreisfreie Stadt;Nordrhein-Westfalen;Typ 7;1.472;324;9.364;958;2.319;55.602;39,3;37,7;23,0;10,7;170.739;2,4;45,7;47,7;0,6;57,1;53,0;0,20;37.038,7;98,6
M�nchen;09162000;091620000000;kreisfreie Stadt;Bayern;Typ 7;3.048;420;1.033;594;3.288;57.592;40,1;34,9;25,0;6,1;1.487.708;9,0;41,6;39,6;10,4;63,4;60,6;0,08;86.543,8;99,4
M�nchen, LK;09184000;091840000000;Landkreis;Bayern;;3.860;1.490;1.059;263;3.377;72.642;22,8;36,2;41,0;3,7;349.837;9,0;43,8;44,6;11,7;65,9;63,7;0,43;119.469,8;98,6
M�nster;05515000;055150000000;kreisfreie Stadt;Nordrhein-Westfalen;Typ 7;1.957;123;2.476;728;1.888;49.292;48,2;33,3;18,4;6,5;317.713;8,3;41,5;38,7;11,8;55,3;52,9;0,60;59.171,7;97,6
Neckar-Odenwald-Kreis, LK;08225000;082250000000;Landkreis;Baden-W�rttemberg;;1.158;483;829;477;1.801;58.349;39,1;35,3;25,5;4,6;143.929;1,0;45,2;47,7;2,1;64,9;59,6;2,35;32.856,3;95,8
Neuburg-Schrobenhausen, LK;09185000;091850000000;Landkreis;Bayern;;1.335;382;1.070;191;1.582;60.717;35,1;36,8;28,1;2,9;98.503;8,3;43,4;44,3;3,5;67,3;61,4;3,62;40.501,8;81,6
Neumarkt in der Oberpfalz, LK;09373000;093730000000;Landkreis;Bayern;;1.326;677;360;158;1.610;55.366;39,3;35,4;25,3;2,7;136.062;7,4;43,8;45,2;11,9;66,1;62,2;4,17;42.045,8;96,3
Neum�nster;01004000;010040000000;kreisfreie Stadt;Schleswig-Holstein;Typ 6;1.242;246;1.445;1.314;2.464;45.485;46,7;34,3;19,0;11,1;79.496;3,0;45,0;46,1;12,3;59,6;56,3;0,21;48.503,7;98,8
Neunkirchen, LK;10043000;100430000000;Landkreis;Saarland;;909;291;2.029;757;1.860;50.607;45,0;33,8;21,2;9,5;130.847;-3,0;47,0;50,3;1,1;61,0;57,3;1,10;26.387,1;98,8
Neustadt an der Aisch-Bad Windsheim, LK;09575000;095750000000;Landkreis;Bayern;;1.153;560;723;162;1.627;55.053;40,4;35,6;24,0;3,0;101.788;4,4;44,8;46,8;7,9;67,2;63,6;4,96;33.101,1;95,6
Neustadt an der Waldnaab, LK;09374000;093740000000;Landkreis;Bayern;;1.269;629;556;217;1.757;53.393;42,0;34,3;23,7;4,0;94.838;-1,3;44,9;47,5;8,9;64,3;61,9;3,58;36.812,7;96,1
Neustadt an der Weinstra�e;07316000;073160000000;kreisfreie Stadt;Rheinland-Pfalz;Typ 5;1.166;221;1.786;885;1.830;50.892;38,9;36,2;24,9;7,8;53.491;2,2;46,4;49,3;1,7;61,9;57,0;0,51;32.794,0;96,8
Neu-Ulm, LK;09775000;097750000000;Landkreis;Bayern;;1.410;412;465;182;1.653;56.093;34,9;37,9;27,2;3,6;177.330;7,9;43,6;44,2;5,8;67,0;61,5;1,28;38.121,7;96,6
Neuwied, LK;07138000;071380000000;Landkreis;Rheinland-Pfalz;;1.405;668;1.998;890;2.160;53.995;40,0;35,3;24,7;6,6;184.390;2,2;45,1;47,5;11,7;62,0;57,1;0,44;34.491,9;97,1
Nienburg (Weser), LK;03256000;032560000000;Landkreis;Niedersachsen;;1.113;257;1.328;1.048;1.780;50.720;44,9;33,7;21,5;6,6;121.773;0,3;45,3;48,2;9,4;62,7;58,4;5,28;34.092,9;84,4
Nordfriesland, LK;01054000;010540000000;Landkreis;Schleswig-Holstein;;1.507;561;1.915;802;2.082;49.359;46,7;33,0;20,3;6,8;167.560;2,8;46,5;49,7;9,4;60,5;60,5;18,00;39.093,0;87,4
Nordhausen, LK;16062000;160620000000;Landkreis;Th�ringen;;819;285;870;757;1.934;45.796;53,1;31,6;15,4;8,9;81.687;-5,8;48,1;51,6;-1,9;65,0;63,4;1,59;27.866,6;92,4
Nordsachsen, LK;14730000;147300000000;Landkreis;Sachsen;;869;153;1.170;511;1.514;47.678;50,3;33,0;16,7;7,9;197.529;-1,3;47,9;51,3;6,4;68,9;69,0;2,67;32.004,1;91,9
Nordwestmecklenburg, LK;13074000;130740000000;Landkreis;Mecklenburg-Vorpommern;;836;-246;1.256;688;1.723;45.750;51,9;31,8;16,3;7,9;158.449;1,6;47,0;50,2;5,4;64,2;64,1;3,30;28.316,2;72,7
Northeim, LK;03155000;031550000000;Landkreis;Niedersachsen;;1.058;248;1.312;1.119;1.772;52.189;45,0;33,7;21,3;6,9;131.765;-3,5;47,4;51,0;2,7;63,3;60,6;3,25;30.029,6;97,2
N�rnberg;09564000;095640000000;kreisfreie Stadt;Bayern;Typ 7;1.950;324;2.941;658;2.330;45.521;47,1;34,5;18,4;7,6;510.632;4,2;43,4;42,6;5,6;65,9;61,4;0,14;63.300,4;99,4
N�rnberger Land, LK;09574000;095740000000;Landkreis;Bayern;;1.350;486;735;223;1.578;55.718;32,1;37,0;30,9;3,5;171.424;4,5;45,5;47,9;6,0;66,6;64,0;0,63;33.715,9;96,1
Oberallg�u, LK;09780000;097800000000;Landkreis;Bayern;;1.289;666;1.262;170;1.663;53.771;40,3;35,5;24,2;3,5;157.202;5,7;45,4;47,7;16,0;65,5;63,2;1,46;35.191,9;96,0
Oberbergischer Kreis, LK;05374000;053740000000;Landkreis;Nordrhein-Westfalen;;1.494;230;3.176;471;1.745;56.369;40,1;35,0;24,9;7,0;271.621;-0,2;44,7;46,8;4,3;63,4;57,1;0,41;37.881,5;89,7
Oberhausen;05119000;051190000000;kreisfreie Stadt;Nordrhein-Westfalen;Typ 7;1.182;-57;9.439;990;2.134;47.074;48,2;34,2;17,5;13,3;208.752;-0,7;45,0;46,4;4,9;56,5;51,2;0,09;28.300,7;98,9
Oberhavel, LK;12065000;120650000000;Landkreis;Brandenburg;;1.131;359;127;641;1.826;53.626;45,3;33,3;21,4;6,3;215.795;7,3;46,6;49,9;4,8;63,8;64,1;1,84;30.053,7;92,0
Oberspreewald-Lausitz, LK;12066000;120660000000;Landkreis;Brandenburg;;794;303;464;817;1.778;45.810;47,8;32,4;19,8;8,7;107.558;-8,0;49,8;53,8;3,7;67,5;66,2;9,12;28.919,4;93,3
Odenwaldkreis, LK;06437000;064370000000;Landkreis;Hessen;;1.019;216;973;506;1.708;53.869;42,0;34,3;23,7;6,0;96.953;0,2;46,3;49,2;4,3;61,5;56,4;1,01;27.157,9;97,2
Oder-Spree, LK;12067000;120670000000;Landkreis;Brandenburg;;843;160;571;779;1.721;50.250;45,9;33,1;21,0;7,6;179.245;0,8;48,5;52,5;7,0;65,5;65,1;4,56;30.149,8;89,5
Offenbach am Main;06413000;064130000000;kreisfreie Stadt;Hessen;Typ 7;1.425;435;2.930;674;2.809;48.203;48,2;33,6;18,3;11,7;131.295;14,3;40,8;39,6;2,1;61,8;54,8;0,10;38.269,8;99,8
Offenbach, LK;06438000;064380000000;Landkreis;Hessen;;1.645;357;2.157;459;2.254;56.853;32,4;36,9;30,7;6,6;357.466;7,0;44,2;45,3;8,4;62,5;58,0;0,19;42.701,8;99,2
Oldenburg, LK;03458000;034580000000;Landkreis;Niedersachsen;;1.182;465;358;698;1.691;59.117;42,0;34,0;24,0;4,3;132.091;5,4;45,1;47,9;19,1;67,2;63,3;4,03;27.478,9;89,5
Oldenburg (Oldenburg);03403000;034030000000;kreisfreie Stadt;Niedersachsen;Typ 7;1.566;434;315;1.139;2.391;44.342;46,6;34,5;18,9;8,6;170.389;8,0;42,9;41,7;9,3;57,8;54,6;0,35;50.225,7;99,2
Olpe, LK;05966000;059660000000;Landkreis;Nordrhein-Westfalen;;1.798;570;781;361;1.851;62.186;34,4;38,5;27,1;5,0;133.120;-2,2;44,7;46,8;9,1;66,6;58,3;1,85;43.971,7;96,3
Ortenaukreis, LK;08317000;083170000000;Landkreis;Baden-W�rttemberg;;1.469;413;389;759;2.025;55.055;37,4;35,8;26,7;4,5;434.535;5,9;44,4;45,9;9,2;66,8;62,7;1,13;43.490,8;94,9
Osnabr�ck;03404000;034040000000;kreisfreie Stadt;Niedersachsen;Typ 7;1.358;154;3.665;1.210;2.126;43.049;46,2;35,9;17,9;9,2;165.034;6,8;42,1;39,9;9,6;59,3;54,8;0,27;53.136,1;99,2
Osnabr�ck, LK;03459000;034590000000;Landkreis;Niedersachsen;;1.127;356;1.381;801;1.822;56.823;39,5;35,8;24,7;4,1;361.550;3,2;44,3;46,2;7,7;66,7;61,6;2,75;33.103,0;89,2
Ostalbkreis, LK;08136000;081360000000;Landkreis;Baden-W�rttemberg;;1.763;621;857;700;2.329;59.665;35,6;37,2;27,2;4,4;315.009;2,8;44,1;45,3;6,7;64,5;58,6;1,64;47.511,8;92,4
Ostallg�u, LK;09777000;097770000000;Landkreis;Bayern;;1.473;766;1.166;160;1.847;57.005;39,4;35,9;24,7;3,6;143.236;7,2;44,3;46,0;11,2;64,6;60,5;3,01;37.842,9;96,0
Osterholz, LK;03356000;033560000000;Landkreis;Niedersachsen;;1.078;396;2.481;714;1.760;56.170;39,0;35,2;25,8;4,3;115.054;3,8;46,1;49,5;12,4;63,4;59,4;1,83;22.280,0;94,9
Ostholstein, LK;01055000;010550000000;Landkreis;Schleswig-Holstein;;1.107;414;1.134;759;1.925;50.879;44,3;32,8;22,9;6,7;202.014;2,0;48,8;52,6;7,5;60,9;60,0;4,26;29.286,1;87,9
Ostprignitz-Ruppin, LK;12068000;120680000000;Landkreis;Brandenburg;;826;122;427;966;1.945;45.933;49,0;31,0;20,0;7,7;98.829;-0,9;48,5;52,6;2,6;63,5;63,6;8,10;29.812,2;90,6
Paderborn, LK;05774000;057740000000;Landkreis;Nordrhein-Westfalen;;1.286;149;844;527;1.674;55.147;44,5;35,0;20,6;6,8;309.380;4,7;42,6;42,4;7,2;61,2;55,2;5,27;38.327,0;94,9
Passau;09262000;092620000000;kreisfreie Stadt;Bayern;Typ 7;1.484;414;2.630;397;1.818;39.905;45,0;33,9;21,1;7,4;53.093;9,2;43,6;41,2;9,1;54,4;52,1;3,39;70.016,4;99,9
Passau, LK;09275000;092750000000;Landkreis;Bayern;;1.126;595;882;209;1.547;54.890;42,6;33,6;23,8;4,2;194.090;5,2;45,6;48,1;8,2;63,0;59,5;4,00;32.505,8;92,2
Peine, LK;03157000;031570000000;Landkreis;Niedersachsen;;960;214;1.602;884;1.683;54.377;42,1;33,9;24,1;6,3;136.960;5,2;44,5;46,7;7,9;63,3;58,1;2,02;23.227,5;98,4
Pfaffenhofen an der Ilm, LK;09186000;091860000000;Landkreis;Bayern;;1.508;424;512;179;1.572;64.823;32,2;37,1;30,7;2,9;129.772;10,9;43,0;43,6;18,3;67,4;61,5;1,94;41.821,9;93,7
Pforzheim;08231000;082310000000;kreisfreie Stadt;Baden-W�rttemberg;Typ 6;1.583;-56;811;1.450;2.377;47.614;42,6;37,1;20,3;8,5;125.529;9,0;42,7;42,0;4,3;64,3;58,6;0,35;45.168,0;98,9
Pinneberg, LK;01056000;010560000000;Landkreis;Schleswig-Holstein;;1.527;271;1.974;940;1.889;57.288;36,0;35,9;28,2;6,8;318.326;7,1;45,1;47,1;7,4;63,7;60,8;0,32;31.432,8;96,0
Pirmasens;07317000;073170000000;kreisfreie Stadt;Rheinland-Pfalz;Typ 2;1.198;-104;10.241;1.528;2.132;42.569;47,0;32,1;20,9;14,1;40.054;-1,5;46,7;49,4;1,3;58,9;54,5;0,55;39.488,1;98,3
Pl�n, LK;01057000;010570000000;Landkreis;Schleswig-Holstein;;989;285;1.610;782;1.558;56.605;41,0;34,0;25,0;5,7;129.687;1,9;47,7;51,6;9,4;59,8;58,7;0,95;22.578,3;90,6
Potsdam;12054000;120540000000;kreisfreie Stadt;Brandenburg;Typ 7;1.253;232;306;850;2.412;44.748;44,3;36,6;19,1;7,0;183.154;16,2;42,8;41,8;7,6;61,5;60,8;0,57;45.249,3;98,8
Potsdam-Mittelmark, LK;12069000;120690000000;Landkreis;Brandenburg;;1.016;274;373;595;1.795;59.391;42,9;35,1;22,0;5,1;219.521;7,9;46,6;50,1;3,1;63,5;64,6;3,43;28.027,1;93,0
Prignitz, LK;12070000;120700000000;Landkreis;Brandenburg;;789;350;267;866;1.964;43.670;49,6;31,1;19,3;9,1;75.574;-5,0;49,7;54,2;4,1;64,7;64,2;20,02;31.690,3;92,2
Rastatt, LK;08216000;082160000000;Landkreis;Baden-W�rttemberg;;1.417;466;521;532;1.968;57.830;36,6;35,9;27,6;4,7;232.296;4,5;45,2;47,2;4,3;67,4;61,4;1,51;43.550,9;96,2
Ravensburg, LK;08436000;084360000000;Landkreis;Baden-W�rttemberg;;1.466;467;546;762;2.121;56.541;38,1;36,1;25,8;3,8;287.011;6,2;43,5;44,4;10,7;65,0;61,4;1,48;50.189,0;86,2
Recklinghausen, LK;05562000;055620000000;Landkreis;Nordrhein-Westfalen;;1.195;357;3.724;844;1.825;53.693;45,3;33,5;21,2;10,9;612.801;-0,8;45,6;48,2;10,4;58,7;53,4;0,55;27.696,7;98,5
Regen, LK;09276000;092760000000;Landkreis;Bayern;;1.199;679;1.064;197;1.762;51.073;46,7;33,0;20,3;4,8;77.176;0,9;45,8;48,6;12,2;63,6;59,0;1,85;37.019,8;89,6
Regensburg;09362000;093620000000;kreisfreie Stadt;Bayern;Typ 7;2.189;704;510;472;2.480;41.692;45,9;35,1;18,9;5,5;153.542;12,6;41,6;38,5;6,7;61,5;58,1;0,38;90.153,8;99,7
Regensburg, LK;09375000;093750000000;Landkreis;Bayern;;1.141;474;532;209;1.472;58.674;38,7;35,0;26,3;3,4;195.225;6,6;44,1;45,9;13,5;66,0;61,7;1,94;27.308,6;97,1
Regionalverband Saarbr�cken;10041000;100410000000;Landkreis;Saarland;;1.280;334;4.021;847;2.149;46.274;47,4;34,0;18,6;12,4;327.284;0,1;45,5;46,8;2,3;56,9;53,8;0,45;45.791,6;99,3
Region Hannover;03241000;032410000000;Landkreis;Niedersachsen;;1.715;130;3.195;1.157;2.218;50.350;45,1;33,8;21,1;9,6;1.157.541;4,6;44,1;44,5;7,1;60,7;57,4;0,66;47.837,9;98,3
Remscheid;05120000;051200000000;kreisfreie Stadt;Nordrhein-Westfalen;Typ 6;1.411;-98;5.852;818;1.863;52.077;39,9;38,3;21,8;9,5;111.770;1,5;44,8;46,5;5,6;59,7;54,1;0,11;38.645,4;98,5
Rems-Murr-Kreis, LK;08119000;081190000000;Landkreis;Baden-W�rttemberg;;1.485;367;373;651;2.006;60.011;30,3;37,3;32,4;5,3;427.316;5,0;44,5;45,9;6,5;65,3;60,5;0,44;37.722,5;93,4
Rendsburg-Eckernf�rde, LK;01058000;010580000000;Landkreis;Schleswig-Holstein;;1.067;350;1.008;768;1.543;56.491;39,9;35,0;25,1;5,7;276.053;2,7;46,1;49,4;10,0;58,9;57,6;3,46;32.815,7;85,1
Reutlingen, LK;08415000;084150000000;Landkreis;Baden-W�rttemberg;;1.425;262;733;505;1.747;56.240;34,4;37,5;28,1;5,2;288.158;5,3;44,1;45,3;5,9;65,4;61,3;1,12;43.179,4;95,8
Rhein-Erft-Kreis, LK;05362000;053620000000;Landkreis;Nordrhein-Westfalen;;1.537;46;2.073;638;1.602;56.706;37,9;36,1;26,0;8,7;471.891;4,2;44,6;46,3;8,8;62,0;56,5;0,52;37.658,4;99,0
Rheingau-Taunus-Kreis, LK;06439000;064390000000;Landkreis;Hessen;;1.295;284;1.824;573;1.814;61.093;35,6;35,4;29,0;5,8;187.229;3,7;46,1;49,0;5,7;60,8;58,6;0,59;26.216,5;93,4
Rhein-Hunsr�ck-Kreis, LK;07140000;071400000000;Landkreis;Rheinland-Pfalz;;1.166;298;583;717;1.572;56.516;39,0;35,9;25,1;5,0;103.767;1,0;46,0;49,0;7,9;63,8;59,0;8,42;38.190,0;94,3
Rheinisch-Bergischer Kreis, LK;05378000;053780000000;Landkreis;Nordrhein-Westfalen;;1.366;130;1.349;627;1.708;62.459;32,1;37,9;30,0;7,8;283.429;2,0;46,1;49,2;6,5;61,3;57,8;0,22;29.016,2;96,9
Rhein-Kreis Neuss, LK;05162000;051620000000;Landkreis;Nordrhein-Westfalen;;1.598;-192;1.335;577;1.495;61.133;32,0;38,3;29,7;7,4;452.496;3,4;45,1;47,1;9,4;62,2;56,9;0,92;42.016,6;98,7
Rhein-Lahn-Kreis, LK;07141000;071410000000;Landkreis;Rheinland-Pfalz;;942;179;1.889;828;1.560;55.545;40,7;35,3;24,0;4,3;122.724;0,1;46,1;49,1;6,3;61,5;58,5;0,66;30.568,8;92,3
Rhein-Neckar-Kreis, LK;08226000;082260000000;Landkreis;Baden-W�rttemberg;;1.709;430;644;616;2.065;61.203;35,0;35,7;29,3;5,4;549.030;4,5;44,9;46,7;10,3;64,1;60,1;0,52;39.087,0;96,2
Rhein-Pfalz-Kreis, LK;07338000;073380000000;Landkreis;Rheinland-Pfalz;;1.053;205;872;571;1.546;63.412;28,6;37,1;34,3;5,6;155.050;5,2;45,6;48,2;9,6;65,8;60,3;0,70;20.643,0;98,8
Rhein-Sieg-Kreis, LK;05382000;053820000000;Landkreis;Nordrhein-Westfalen;;1.353;135;3.135;579;1.662;59.470;36,2;35,6;28,2;7,4;600.732;3,6;44,9;47,0;10,1;60,2;57,1;0,29;29.927,2;98,2
Rh�n-Grabfeld, LK;09673000;096730000000;Landkreis;Bayern;;1.175;341;983;150;1.535;55.212;42,8;34,5;22,7;3,6;79.376;-1,4;45,7;48,5;7,9;66,8;63,4;2,58;44.282,6;96,3
Rosenheim;09163000;091630000000;kreisfreie Stadt;Bayern;Typ 7;1.564;311;796;421;1.737;49.027;41,2;35,8;23,1;5,8;63.508;6,7;43,2;42,7;2,9;64,0;62,2;0,42;54.886,5;100,0
Rosenheim, LK;09187000;091870000000;Landkreis;Bayern;;1.353;555;919;195;1.609;61.648;34,2;36,3;29,4;3,4;263.367;7,4;44,7;46,7;9,0;62,5;60,8;1,65;36.489,1;95,5
Rostock;13003000;130030000000;kreisfreie Stadt;Mecklenburg-Vorpommern;Typ 7;1.007;21;486;960;1.808;36.654;55,6;32,4;12,0;9,2;208.400;3,3;45,3;44,0;7,4;61,0;61,2;0,27;40.720,6;98,9
Rostock, LK;13072000;130720000000;Landkreis;Mecklenburg-Vorpommern;;809;63;491;655;1.531;51.132;51,8;30,4;17,9;6,8;217.796;2,8;47,4;51,2;3,6;62,8;64,4;5,66;28.766,7;66,8
Rotenburg (W�mme), LK;03357000;033570000000;Landkreis;Niedersachsen;;1.194;340;1.231;805;1.722;55.844;43,5;34,6;21,9;4,6;165.001;1,7;44,8;47,2;8,8;64,7;61,6;5,23;35.591,8;93,5
Roth, LK;09576000;095760000000;Landkreis;Bayern;;1.293;533;530;150;1.538;55.171;36,8;36,8;26,5;3,1;127.520;3,6;44,9;47,1;10,8;66,7;63,4;1,69;33.476,7;95,8
Rottal-Inn, LK;09277000;092770000000;Landkreis;Bayern;;1.218;593;1.255;190;1.656;54.479;41,3;34,5;24,1;4,6;122.252;4,6;44,9;46,7;9,3;63,0;57,7;5,25;36.677,4;89,4
Rottweil, LK;08325000;083250000000;Landkreis;Baden-W�rttemberg;;1.654;526;138;570;1.986;58.093;34,9;36,6;28,5;3,7;140.446;3,2;44,3;46,0;7,5;67,1;62,2;1,46;44.928,4;97,3
Saale-Holzland-Kreis, LK;16074000;160740000000;Landkreis;Th�ringen;;855;232;936;538;1.680;49.939;50,2;32,5;17,2;5,4;82.513;-2,6;48,1;51,7;1,1;67,9;68,0;3,82;26.704,2;89,0
Saalekreis, LK;15088000;150880000000;Landkreis;Sachsen-Anhalt;;1.097;147;697;429;1.500;51.461;51,1;30,8;18,2;7,5;182.814;-4,2;47,8;51,4;2,0;69,4;68,6;3,47;39.379,0;85,3
Saale-Orla-Kreis, LK;16075000;160750000000;Landkreis;Th�ringen;;928;321;753;582;1.761;46.057;51,7;32,8;15,5;5,7;79.030;-7,3;48,7;52,6;-3,8;70,3;69,0;2,46;34.546,8;92,0
Saalfeld-Rudolstadt, LK;16073000;160730000000;Landkreis;Th�ringen;;891;227;579;589;1.768;45.831;51,8;31,3;16,8;7,0;100.969;-10,3;49,9;53,9;-3,3;69,2;68,7;0,67;29.385,3;76,0
Saarlouis, LK;10044000;100440000000;Landkreis;Saarland;;1.068;305;1.726;557;1.715;53.096;42,3;35,1;22,6;7,6;193.661;-1,9;46,8;50,0;-1,0;60,5;56,2;0,91;31.103,3;97,7
Saarpfalz-Kreis, LK;10045000;100450000000;Landkreis;Saarland;;1.306;351;2.735;473;1.837;55.263;41,7;34,9;23,4;6,4;140.960;-2,9;47,3;50,8;3,4;62,3;58,2;0,85;43.307,6;99,2
S�chsische Schweiz-Osterzgebirge, LK;14628000;146280000000;Landkreis;Sachsen;;771;219;635;461;1.496;47.256;50,9;31,9;17,2;5,8;244.009;-0,9;48,0;51,1;4,3;69,4;70,2;0,61;25.337,1;88,7
Salzgitter;03102000;031020000000;kreisfreie Stadt;Niedersachsen;Typ 6;1.093;-110;3.586;1.211;1.950;46.296;44,4;36,8;18,8;11,3;103.694;5,2;44,2;45,4;1,4;61,2;51,5;1,59;51.781,2;98,7
Salzlandkreis, LK;15089000;150890000000;Landkreis;Sachsen-Anhalt;;805;138;1.747;563;1.571;43.260;54,2;29,4;16,4;9,3;185.495;-9,0;49,2;53,2;-0,2;64,8;63,2;5,49;29.154,4;87,7
Schaumburg, LK;03257000;032570000000;Landkreis;Niedersachsen;;976;129;2.271;1.021;1.653;52.672;43,4;34,1;22,5;6,7;158.108;0,7;46,8;50,1;8,4;61,6;58,3;1,10;28.026,8;98,8
Schleswig-Flensburg, LK;01059000;010590000000;Landkreis;Schleswig-Holstein;;1.061;302;1.370;867;1.672;54.018;43,4;34,5;22,1;7,2;203.799;4,1;46,1;49,4;10,8;56,9;56,6;8,79;30.067,4;75,3
Schmalkalden-Meiningen, LK;16066000;160660000000;Landkreis;Th�ringen;;824;346;332;511;1.694;46.317;50,4;33,0;16,5;5,6;123.404;-2,9;48,4;52,0;-0,0;68,2;68,1;0,93;29.103,5;95,4
Schwabach;09565000;095650000000;kreisfreie Stadt;Bayern;Typ 5;1.545;316;872;324;1.696;56.633;37,2;36,9;25,9;4,9;41.146;6,6;44,7;46,3;5,5;65,7;61,8;0,38;38.388,4;99,5
Schw�bisch Hall, LK;08127000;081270000000;Landkreis;Baden-W�rttemberg;;1.519;522;866;616;1.948;60.878;37,1;36,4;26,5;4,1;199.398;7,0;43,3;44,1;10,7;67,3;62,0;3,67;47.893,4;89,6
Schwalm-Eder-Kreis, LK;06634000;066340000000;Landkreis;Hessen;;1.043;482;2.671;490;1.741;53.066;41,9;34,5;23,6;4,8;180.052;-0,7;46,2;49,1;10,7;63,7;60,6;2,03;33.914,4;89,8
Schwandorf, LK;09376000;093760000000;Landkreis;Bayern;;1.269;504;1.115;252;1.671;50.953;42,5;34,5;23,0;3,9;149.239;4,6;44,6;46,2;6,5;66,3;61,7;2,96;39.593,4;88,5
Schwarzwald-Baar-Kreis, LK;08326000;083260000000;Landkreis;Baden-W�rttemberg;;1.417;440;415;614;1.973;53.619;37,1;37,4;25,5;5,2;213.385;4,6;44,7;45,9;4,9;65,4;61,5;1,00;41.015,4;94,7
Schweinfurt;09662000;096620000000;kreisfreie Stadt;Bayern;Typ 6;1.922;344;305;507;2.108;40.868;44,7;34,6;20,6;7,8;53.585;2,8;44,8;44,8;-0,5;62,4;56,2;0,48;98.884,0;98,7
Schweinfurt, LK;09678000;096780000000;Landkreis;Bayern;;1.097;553;356;191;1.590;57.129;37,8;35,7;26,4;3,3;116.134;2,8;45,2;47,5;12,8;67,3;63,0;2,55;23.454,7;96,6
Schwerin;13004000;130040000000;kreisfreie Stadt;Mecklenburg-Vorpommern;Typ 6;988;284;2.065;1.202;2.108;42.443;49,8;34,1;16,1;11,2;95.740;4,8;46,6;47,8;1,7;61,8;62,6;0,80;44.120,3;97,9
Segeberg, LK;01060000;010600000000;Landkreis;Schleswig-Holstein;;1.374;311;1.244;733;1.800;55.678;37,1;36,3;26,6;6,1;280.400;7,4;45,1;47,0;7,7;63,9;61,8;1,28;34.544,4;95,9
Siegen-Wittgenstein, LK;05970000;059700000000;Landkreis;Nordrhein-Westfalen;;1.567;182;1.940;609;1.739;55.653;40,2;36,4;23,4;7,0;274.342;-0,7;44,6;45,8;4,7;63,7;56,2;0,58;40.835,4;97,7
Sigmaringen, LK;08437000;084370000000;Landkreis;Baden-W�rttemberg;;1.262;577;296;639;1.946;56.064;39,3;36,0;24,7;4,2;131.725;3,4;44,2;45,9;6,2;64,8;61,1;2,28;40.719,8;89,9
Soest, LK;05974000;059740000000;Landkreis;Nordrhein-Westfalen;;1.357;279;1.233;569;1.751;57.010;40,9;35,1;24,1;7,0;302.298;1,9;44,9;47,1;5,6;63,1;58,6;1,92;39.364,5;97,9
Solingen;05122000;051220000000;kreisfreie Stadt;Nordrhein-Westfalen;Typ 6;1.397;-90;4.686;814;1.793;52.722;43,5;36,1;20,3;9,8;158.957;2,5;44,6;46,1;5,3;60,9;56,6;0,17;34.271,6;97,8
S�mmerda, LK;16068000;160680000000;Landkreis;Th�ringen;;826;320;1.257;529;1.683;49.942;51,3;31,6;17,2;7,7;68.717;-4,0;47,5;51,0;-2,5;63,1;62,3;3,57;27.375,3;89,3
Sonneberg, LK;16072000;160720000000;Landkreis;Th�ringen;;872;260;811;588;1.697;44.009;50,8;33,5;15,7;5,6;56.504;-3,4;49,6;53,3;-8,2;68,5;66,9;0,61;28.297,3;92,3
Speyer;07318000;073180000000;kreisfreie Stadt;Rheinland-Pfalz;Typ 5;1.811;346;2.833;1.001;2.229;52.935;43,4;33,5;23,0;8,2;50.565;1,7;45,6;47,7;7,1;60,4;57,3;0,31;55.609,4;99,4
Spree-Nei�e, LK;12071000;120710000000;Landkreis;Brandenburg;;802;191;1.150;722;1.827;46.762;47,3;32,5;20,2;7,7;111.955;-7,9;50,1;54,8;-1,9;66,3;65,9;4,97;41.098,1;88,2
Stade, LK;03359000;033590000000;Landkreis;Niedersachsen;;1.372;266;1.042;879;1.778;56.456;39,3;35,0;25,7;7,7;206.496;5,6;44,3;46,0;7,3;63,4;57,5;2,88;35.276,3;95,9
St�dteregion Aachen;05334000;053340000000;Landkreis;Nordrhein-Westfalen;;1.398;32;2.998;816;1.848;47.840;47,3;33,0;19,7;10,2;556.673;2,8;43,4;42,8;7,6;56,7;53,6;0,66;40.645,8;98,7
Starnberg, LK;09188000;091880000000;Landkreis;Bayern;;1.854;456;376;242;1.752;75.704;15,4;37,0;47,5;4,2;136.747;6,7;45,6;48,1;11,7;59,8;57,8;0,62;49.574,2;98,4
Steinburg, LK;01061000;010610000000;Landkreis;Schleswig-Holstein;;1.208;410;1.274;923;2.058;51.391;42,8;34,2;23,0;7,6;130.843;0,2;46,1;49,6;10,4;61,9;58,2;7,55;35.340,6;95,0
Steinfurt, LK;05566000;055660000000;Landkreis;Nordrhein-Westfalen;;1.348;205;1.042;564;1.816;57.297;41,0;35,2;23,7;5,3;450.176;3,8;43,9;45,7;10,5;65,4;60,4;2,44;36.447,1;93,4
Stendal, LK;15090000;150900000000;Landkreis;Sachsen-Anhalt;;764;36;1.122;526;1.571;44.556;53,0;29,9;17,1;10,4;109.746;-7,2;48,5;52,8;-2,2;63,0;62,2;12,62;30.328,9;90,5
Stormarn, LK;01062000;010620000000;Landkreis;Schleswig-Holstein;;1.624;363;528;748;1.834;62.152;31,5;37,0;31,5;4,7;245.406;6,1;45,9;48,4;10,5;63,2;60,9;0,49;37.588,7;98,7
Straubing;09263000;092630000000;kreisfreie Stadt;Bayern;Typ 6;1.662;500;1.910;439;2.100;47.334;41,6;34,5;23,9;7,2;47.854;7,2;44,8;45,1;5,9;62,4;59,0;1,74;56.203,0;99,4
Straubing-Bogen, LK;09278000;092780000000;Landkreis;Bayern;;1.235;520;736;152;1.643;61.190;39,6;35,4;25,0;3,7;102.398;6,5;44,1;46,0;11,6;65,9;61,3;4,67;30.654,5;91,6
Stuttgart;08111000;081110000000;kreisfreie Stadt;Baden-W�rttemberg;Typ 7;2.115;306;0;1.295;3.211;53.661;39,8;36,4;23,9;6,3;626.275;6,0;42,4;40,6;7,6;60,6;57,9;0,11;87.794,3;97,8
St. Wendel, LK;10046000;100460000000;Landkreis;Saarland;;1.110;450;2.259;444;1.931;59.392;37,8;36,9;25,3;4,9;86.170;-3,9;47,9;51,8;7,0;62,1;59,2;3,53;30.310,8;94,6
S�dliche Weinstra�e, LK;07337000;073370000000;Landkreis;Rheinland-Pfalz;;1.096;253;1.097;669;1.625;61.841;36,6;35,7;27,7;5,6;111.279;2,8;46,5;50,0;8,4;62,4;58,7;1,19;28.763,0;88,6
S�dwestpfalz, LK;07340000;073400000000;Landkreis;Rheinland-Pfalz;;876;215;1.403;644;1.565;58.976;39,7;36,0;24,3;5,2;94.819;-3,3;48,0;52,0;4,6;62,9;59,6;2,28;17.562,1;91,6
Suhl;16054000;160540000000;kreisfreie Stadt;Th�ringen;;893;-85;275;830;1.876;42.227;47,8;33,2;19,0;7,4;36.054;k.A.;51,0;55,3;-4,0;65,4;66,8;0,26;33.272,0;94,6
Teltow-Fl�ming, LK;12072000;120720000000;Landkreis;Brandenburg;;1.361;397;480;716;1.864;49.566;46,5;32,6;20,9;5,7;172.545;8,2;46,0;48,4;13,5;66,9;66,5;6,51;37.248,3;94,3
Tirschenreuth, LK;09377000;093770000000;Landkreis;Bayern;;2.148;1.749;1.474;210;3.076;50.582;43,9;34,2;21,9;4,0;71.648;-3,8;46,1;49,1;15,4;65,6;61,1;3,11;46.517,1;96,9
Traunstein, LK;09189000;091890000000;Landkreis;Bayern;;1.444;708;595;210;1.782;57.164;36,7;35,3;28,0;3,8;178.447;5,7;45,4;47,4;9,8;63,6;60,3;1,83;45.026,3;94,6
Trier;07211000;072110000000;kreisfreie Stadt;Rheinland-Pfalz;Typ 7;1.254;278;6.716;1.133;2.192;34.741;46,6;35,1;18,3;9,5;110.570;4,0;42,1;39,6;1,2;45,9;46,4;0,56;44.698,8;98,3
Trier-Saarburg, LK;07235000;072350000000;Landkreis;Rheinland-Pfalz;;774;346;2.789;579;1.564;53.297;41,1;34,4;24,4;5,0;151.167;5,3;45,0;47,1;5,7;46,9;48,1;3,18;21.565,0;95,0
T�bingen, LK;08416000;084160000000;Landkreis;Baden-W�rttemberg;;1.272;355;626;616;1.965;56.706;39,7;34,5;25,8;4,2;229.806;8,0;41,8;40,4;14,9;58,6;55,4;0,52;37.133,1;96,7
Tuttlingen, LK;08327000;083270000000;Landkreis;Baden-W�rttemberg;;1.846;406;485;685;2.049;61.555;35,2;36,5;28,3;4,6;142.414;7,7;43,0;43,3;8,2;66,8;62,3;1,29;49.432,2;96,6
Uckermark, LK;12073000;120730000000;Landkreis;Brandenburg;;832;286;462;1.120;1.976;43.278;50,5;31,2;18,3;12,5;117.336;-5,2;49,7;54,3;3,3;61,9;60,9;15,84;36.061,0;88,6
Uelzen, LK;03360000;033600000000;Landkreis;Niedersachsen;;1.042;273;1.695;1.081;1.966;47.893;46,1;32,9;21,0;6,4;92.894;-0,4;47,4;50,8;6,5;59,9;58,4;5,47;30.812,5;76,0
Ulm;08421000;084210000000;kreisfreie Stadt;Baden-W�rttemberg;Typ 7;2.093;644;745;700;2.555;49.641;42,6;36,5;20,9;5,0;126.949;8,0;42,0;40,1;6,4;62,8;58,6;1,02;81.779,1;98,7
Unna, LK;05978000;059780000000;Landkreis;Nordrhein-Westfalen;;1.331;159;2.600;731;1.758;53.580;43,8;34,2;21,9;9,5;393.063;-0,5;45,7;48,2;7,9;60,7;56,0;0,62;33.321,8;97,1
Unstrut-Hainich-Kreis, LK;16064000;160640000000;Landkreis;Th�ringen;;775;335;793;762;1.951;46.937;52,5;31,5;16,0;8,6;101.269;-4,2;47,4;50,9;0,3;66,4;64,4;4,08;26.725,7;96,9
Unterallg�u, LK;09778000;097780000000;Landkreis;Bayern;;1.363;606;601;144;1.637;61.455;36,5;36,4;27,1;2,9;147.776;9,0;44,3;45,6;13,5;67,2;61,3;2,82;40.617,3;92,0
Vechta, LK;03460000;034600000000;Landkreis;Niedersachsen;;1.392;497;469;842;1.761;61.825;37,9;36,7;25,4;4,7;144.805;9,1;41,2;41,1;9,0;67,9;61,2;2,99;48.545,5;86,1
Verden, LK;03361000;033610000000;Landkreis;Niedersachsen;;1.443;491;519;799;1.892;55.485;38,5;35,1;26,4;4,5;138.507;5,0;45,0;47,4;13,5;64,3;59,3;2,26;33.805,7;80,0
Viersen, LK;05166000;051660000000;Landkreis;Nordrhein-Westfalen;;1.312;48;1.276;535;1.611;57.475;37,0;36,1;26,8;7,6;298.761;0,9;46,0;49,1;10,0;59,7;55,9;0,83;30.898,4;96,2
Vogelsbergkreis, LK;06535000;065350000000;Landkreis;Hessen;;1.142;408;1.812;560;1.823;54.030;43,1;34,2;22,7;4,9;105.671;-2,2;47,2;50,6;5,1;63,2;59,7;6,34;29.941,5;75,8
Vogtlandkreis, LK;14523000;145230000000;Landkreis;Sachsen;;819;257;780;453;1.611;45.330;52,7;32,6;14,8;6,2;221.376;-7,2;49,8;53,7;1,0;68,3;67,9;0,72;28.108,0;87,8
Vorpommern-Greifswald, LK;13075000;130750000000;Landkreis;Mecklenburg-Vorpommern;;762;232;1.469;817;1.685;43.740;53,5;31,1;15,3;10,4;235.451;-2,3;47,7;51,2;1,9;59,1;59,8;5,85;27.328,1;76,7
Vorpommern-R�gen, LK;13073000;130730000000;Landkreis;Mecklenburg-Vorpommern;;792;195;950;838;1.678;44.621;53,6;31,0;15,3;10,9;225.900;0,5;48,7;52,7;2,6;61,3;62,6;4,00;27.107,0;90,6
Vulkaneifel, LK;07233000;072330000000;Landkreis;Rheinland-Pfalz;;1.040;353;2.581;752;1.756;53.931;41,9;34,5;23,6;4,9;60.882;-1,1;47,0;50,5;5,7;60,9;58,2;4,15;33.890,6;89,4
Waldeck-Frankenberg, LK;06635000;066350000000;Landkreis;Hessen;;1.146;658;2.890;324;1.852;55.133;43,3;34,3;22,3;4,7;156.513;-1,1;46,0;49,0;5,2;65,7;62,0;2,79;40.869,8;95,1
Waldshut, LK;08337000;083370000000;Landkreis;Baden-W�rttemberg;;1.322;346;684;752;1.918;57.506;36,4;35,5;28,1;6,1;171.249;5,0;44,6;46,1;3,4;51,6;52,7;2,13;32.433,8;75,4
Warendorf, LK;05570000;055700000000;Landkreis;Nordrhein-Westfalen;;1.315;257;665;511;1.651;58.294;38,8;35,2;26,0;5,9;278.176;1,9;44,6;46,8;9,4;65,8;59,7;2,22;34.503,1;91,0
Wartburgkreis, LK;16063000;160630000000;Landkreis;Th�ringen;;907;406;381;514;1.789;46.837;49,1;33,8;17,1;6,4;158.900;-6,4;48,0;51,3;-4,0;68,8;66,7;1,21;32.359,8;94,4
Weiden in der Oberpfalz;09363000;093630000000;kreisfreie Stadt;Bayern;Typ 2;1.420;416;1.676;450;1.971;44.337;46,5;33,3;20,3;6,7;42.472;1,8;45,5;46,8;3,6;62,5;61,4;0,83;59.352,1;99,8
Weilheim-Schongau, LK;09190000;091900000000;Landkreis;Bayern;;1.432;691;815;215;1.864;56.157;37,0;36,4;26,5;3,5;136.642;5,9;44,8;46,7;10,2;65,0;62,0;1,70;45.385,8;95,3
Weimar;16055000;160550000000;kreisfreie Stadt;Th�ringen;Typ 7;804;150;841;885;1.957;41.885;51,1;33,3;15,6;7,7;65.138;3,6;44,9;44,6;4,2;58,7;57,5;0,25;33.826,9;99,3
Weimarer Land, LK;16071000;160710000000;Landkreis;Th�ringen;;871;355;677;574;1.733;49.214;52,1;30,7;17,1;5,2;82.103;-0,4;46,8;50,2;2,5;68,6;68,1;1,10;26.550,9;95,0
Wei�enburg-Gunzenhausen, LK;09577000;095770000000;Landkreis;Bayern;;1.148;583;1.275;199;1.569;51.751;40,9;35,4;23,7;4,4;95.523;3,6;45,0;47,0;2,5;65,1;61,2;4,44;32.975,5;94,9
Werra-Mei�ner-Kreis, LK;06636000;066360000000;Landkreis;Hessen;;986;452;2.568;590;1.853;48.976;45,2;32,4;22,4;7,0;99.714;-2,1;47,3;50,7;4,0;60,1;57,5;2,27;26.691,3;95,1
Wesel, LK;05170000;051700000000;Landkreis;Nordrhein-Westfalen;;1.269;67;2.669;652;1.714;54.350;40,5;35,9;23,7;8,4;460.433;0,2;46,3;49,4;8,8;59,5;54,8;0,77;31.689,1;95,5
Wesermarsch, LK;03461000;034610000000;Landkreis;Niedersachsen;;1.236;172;2.400;1.094;1.863;49.631;44,0;33,4;22,6;7,8;88.430;-1,2;46,1;49,5;8,6;63,1;56,5;5,68;35.822,1;90,3
Westerwaldkreis, LK;07143000;071430000000;Landkreis;Rheinland-Pfalz;;1.344;522;375;536;1.666;60.470;37,2;36,4;26,4;4,1;203.831;2,1;45,0;47,3;6,9;62,7;57,4;1,68;37.264,1;94,8
Wetteraukreis, LK;06440000;064400000000;Landkreis;Hessen;;1.284;440;1.353;615;1.856;57.741;36,2;35,6;28,2;5,6;311.661;6,3;44,7;46,4;9,4;61,7;58,4;0,53;30.636,2;97,8
Wiesbaden;06414000;064140000000;kreisfreie Stadt;Hessen;Typ 7;2.146;-275;1.270;1.098;2.414;51.970;41,8;37,1;21,1;9,7;278.950;3,0;43,1;43,2;8,0;60,8;56,5;0,14;68.514,0;96,0
Wilhelmshaven;03405000;034050000000;kreisfreie Stadt;Niedersachsen;Typ 2;1.135;101;637;1.506;2.148;41.612;46,7;35,0;18,3;13,9;75.027;-2,5;46,4;48,6;5,9;56,6;54,4;1,71;45.571,2;98,7
Wittenberg, LK;15091000;150910000000;Landkreis;Sachsen-Anhalt;;819;45;1.682;409;1.415;46.637;52,5;31,2;16,3;7,9;123.341;-6,7;49,8;54,1;3,0;68,7;68,3;4,33;27.916,0;78,2
Wittmund, LK;03462000;034620000000;Landkreis;Niedersachsen;;1.060;505;1.100;857;1.831;50.462;48,5;31,6;19,8;7,4;57.455;1,6;46,7;50,3;7,5;58,9;56,2;7,51;28.077,0;85,7
Wolfenb�ttel, LK;03158000;031580000000;Landkreis;Niedersachsen;;1.145;166;1.616;892;1.770;54.245;43,2;33,2;23,6;6,1;119.224;-1,0;46,5;49,8;9,1;62,5;58,9;2,21;22.232,5;97,5
Wolfsburg;03103000;031030000000;kreisfreie Stadt;Niedersachsen;Typ 5;1.985;-586;1.844;927;1.655;52.098;38,4;39,3;22,3;6,4;123.949;2,5;44,5;44,5;-1,0;67,0;58,8;0,24;158.679,9;98,4
Worms;07319000;073190000000;kreisfreie Stadt;Rheinland-Pfalz;Typ 6;1.397;100;5.138;1.210;2.101;44.700;44,5;35,3;20,1;10,1;83.850;5,4;43,5;43,9;6,9;62,7;56,0;0,65;41.322,3;98,7
Wunsiedel im Fichtelgebirge, LK;09479000;094790000000;Landkreis;Bayern;;1.182;355;2.553;305;1.791;48.195;45,6;32,0;22,4;5,8;71.482;-5,2;47,9;51,6;3,8;64,8;62,0;2,03;38.005,3;96,4
Wuppertal;05124000;051240000000;kreisfreie Stadt;Nordrhein-Westfalen;Typ 7;1.374;296;4.549;1.030;2.149;48.999;48,4;34,4;17,2;11,9;354.572;3,5;43,5;43,7;6,8;56,4;51,6;0,12;38.079,5;97,7
W�rzburg;09663000;096630000000;kreisfreie Stadt;Bayern;Typ 7;1.662;242;1.613;454;2.039;38.266;45,0;35,4;19,6;5,1;126.933;2,0;42,7;38,9;7,1;61,0;58,9;0,25;68.169,6;97,6
W�rzburg, LK;09679000;096790000000;Landkreis;Bayern;;1.173;357;712;172;1.508;60.274;39,0;34,9;26,1;3,0;163.534;3,4;45,0;46,9;10,2;65,5;63,3;2,59;29.994,5;97,1
Zollernalbkreis, LK;08417000;084170000000;Landkreis;Baden-W�rttemberg;;1.420;605;583;541;1.996;56.696;32,9;36,7;30,5;4,9;190.545;2,9;45,1;47,1;7,7;65,5;61,8;0,91;38.764,8;93,0
Zweibr�cken;07320000;073200000000;kreisfreie Stadt;Rheinland-Pfalz;Typ 2;1.425;227;7.197;1.062;2.173;46.440;45,6;32,7;21,8;8,3;34.091;-0,2;45,7;46,9;4,5;62,3;57,4;0,55;52.536,1;96,0
Zwickau, LK;14524000;145240000000;Landkreis;Sachsen;;879;171;346;472;1.584;46.317;51,6;32,9;15,5;5,6;309.621;-7,1;49,1;52,7;1,3;70,6;69,1;0,95;33.062,0;91,8

"k.A. = keine Angaben bei fehlender Verf�gbarkeit, aufgrund von
Gebietsstands�nderungen bzw. aus methodischen und inhaltlichen Gr�nden;
weitere Detailinformationen finden Sie auf der Seite Methodik."
"Quelle: Statistische �mter der L�nder,  FORA mbH,  eigene Berechnungen,
Nexiga GmbH,  ZEFIR, Bundesagentur f�r Arbeit,  Bundesagentur f�r
Arbeit, Bundesnetzagentur,  Statistische �mter der L�nder,  Statistische
�mter des Bundes und der L�nder, Bundesministerium  f�r Verkehr und
digitale Infrastruktur"
"Datenlizenz Deutschland - Namensnennung - Version 2.0
https://www.govdata.de/dl-de/by-2-0"

Quellenangabe bei Verwendung der Daten:
"Bertelsmann Stiftung
www.wegweiser-kommune.de
https://www.wegweiser-kommune.de"

Die Indikatorenerl�uterungen finden Sie hier:
https://www.wegweiser-kommune.de/data-api/rest/indicator/export/steuereinnahmen-pro-einwohner-in+primaersaldo+verschuldung-im-kernhaushalt+soziale-leistungen+verfuegbare-deckungsmittel+kaufkraft+haushalte-mit-niedrigem-einkommen+haushalte-mit-mittlerem-einkommen+haushalte-mit-hohem-einkommen+arbeitslose-an-den-svb+bevoelkerung+bevoelkerungsentwicklung-seit-2011+durchschnittsalter+medianalter+arbeitsplatzentwicklung-der-vergangenen-5-jahre+beschaeftigungsquote+frauenbeschaeftigungsquote+strom-aus-erneuerbaren-quellen+bruttoinlandsprodukt+breitbandversorgung-private-haushalte.pdf
