,Bundesland,"2021
Allgemeine Deckungsmittel (Euro je Einwohner:in)",GKZ,ARS,"2021
Anteil ab 65-Jährige (%)",Kommune,"2021
Verschuldung im Kernhaushalt (Euro je Einwohner:in)","2021
Haushalte mit niedrigem Einkommen (%)","2021
Allgemeine Deckungsmittel (Euro je Einwohner:in)_normalized","2021
Anteil ab 65-Jährige (%)_normalized","2021
Verschuldung im Kernhaushalt (Euro je Einwohner:in)_normalized","2021
Haushalte mit niedrigem Einkommen (%)_normalized",socio_economic_index
0,Rheinland-Pfalz,1.597,7131000,71310000000,25.1,"Ahrweiler, LK",1.743,38.7,0.36670493685419053,0.7917981072555205,0.0017659574468085108,0.7140221402214022,1.1408812680695406
1,Bayern,1.798,9771000,97710000000,20.4,"Aichach-Friedberg, LK",621.0,28.1,0.4128587830080367,0.643533123028391,0.6291793313069909,0.518450184501845,1.3783038558291905
2,Baden-Württemberg,1.946,8425000,84250000000,19.9,"Alb-Donau-Kreis, LK",425.0,31.8,0.4468427095292766,0.6277602523659305,0.43059777102330293,0.5867158671586715,1.1982311810186284
3,Thüringen,1.758,16077000,160770000000,31.700000000000003,"Altenburger Land, LK",577.0,53.6,0.4036739380022962,1.0,0.5845997973657548,0.9889298892988929,2.1698557486623513
4,Rheinland-Pfalz,1.657,7132000,71320000000,23.0,"Altenkirchen (Westerwald), LK",2.463,41.8,0.38048220436280134,0.725552050473186,0.0024954407294832826,0.7712177121771217,1.1187829990169897
5,Sachsen-Anhalt,1.472,15081000,150810000000,25.9,"Altmarkkreis Salzwedel, LK",620.0,51.8,0.3380022962112514,0.8170347003154573,0.6281661600810537,0.9557195571955719,2.0629181213808314
6,Bayern,2.28,9171000,91710000000,22.2,"Altötting, LK",1.189,36.7,0.52353616532721,0.7003154574132491,0.001204660587639311,0.6771217712177122,0.8551057238913905
7,Rheinland-Pfalz,1.603,7331000,73310000000,21.299999999999997,"Alzey-Worms, LK",2.321,35.7,0.3680826636050516,0.67192429022082,0.002351570415400203,0.6586715867158672,0.9648647837470359
8,Bayern,1.791,9371000,93710000000,22.0,"Amberg-Sulzbach, LK",1.581,40.8,0.4112514351320321,0.6940063091482649,0.001601823708206687,0.7527675276752767,1.0371242253997162
9,Niedersachsen,1.691,3451000,34510000000,23.8,"Ammerland, LK",434.0,44.3,0.3882893226176808,0.750788643533123,0.4397163120567376,0.8173431734317342,1.619558806403914
10,Sachsen-Anhalt,1.571,15082000,150820000000,29.1,"Anhalt-Bitterfeld, LK",847.0,52.4,0.3607347876004592,0.917981072555205,0.8581560283687943,0.9667896678966789,2.3821919812202186
11,Bayern,1.823,9571000,95710000000,20.8,"Ansbach, LK",924.0,39.7,0.4185993111366245,0.6561514195583595,0.9361702127659575,0.7324723247232472,1.90619464591094
12,Bayern,1.808,9671000,96710000000,22.5,"Aschaffenburg, LK",730.0,34.1,0.41515499425947183,0.7097791798107255,0.7396149949341438,0.6291512915129152,1.6633904719983126
13,Bayern,1.903,9772000,97720000000,21.0,"Augsburg, LK",888.0,29.7,0.4369690011481056,0.6624605678233438,0.8996960486322189,0.547970479704797,1.673158095012254
14,Niedersachsen,1.796,3452000,34520000000,24.1,"Aurich, LK",2.263,47.3,0.4123995407577497,0.7602523659305993,0.0022928064842958457,0.8726937269372693,1.2228393585944146
15,Rheinland-Pfalz,1.646,7332000,73320000000,25.0,"Bad Dürkheim, LK",2.749,33.2,0.3779563719862227,0.7886435331230284,0.0027852077001013172,0.6125461254612546,1.0260184942981618
16,Bayern,1.79,9672000,96720000000,25.5,"Bad Kissingen, LK",803.0,41.2,0.4110218140068886,0.8044164037854888,0.8135764944275583,0.7601476014760148,1.9671186856821732
17,Rheinland-Pfalz,1.667,7133000,71330000000,24.1,"Bad Kreuznach, LK",2.083,39.9,0.3827784156142365,0.7602523659305993,0.002110435663627153,0.7361623616236161,1.1157467476036063
18,Bayern,1.821,9173000,91730000000,21.9,"Bad Tölz-Wolfratshausen, LK",605.0,31.7,0.4181400688863375,0.6908517350157728,0.6129685916919959,0.584870848708487,1.4705511065299184
19,Bayern,1.821,9471000,94710000000,20.2,"Bamberg, LK",631.0,38.5,0.4181400688863375,0.6372239747634069,0.6393110435663627,0.7103321033210331,1.5687270527644652
20,Brandenburg,1.757,12060000,120600000000,24.5,"Barnim, LK",194.0,46.1,0.40344431687715265,0.7728706624605678,0.19655521783181357,0.8505535055350554,1.416535068950284
21,Sachsen,1.609,14625000,146250000000,28.400000000000002,"Bautzen, LK",410.0,50.7,0.3694603903559127,0.8958990536277602,0.4154002026342452,0.9354243542435424,1.8772632201496355
22,Bayern,1.695,9472000,94720000000,23.3,"Bayreuth, LK",1.487,42.4,0.38920780711825487,0.7350157728706624,0.0015065856129685919,0.7822878228782287,1.1296023742436048
23,Bayern,1.821,9172000,91720000000,23.799999999999997,"Berchtesgadener Land, LK",780.0,43.0,0.4181400688863375,0.7507886435331229,0.790273556231003,0.7933579335793357,1.9162800644571243
24,Hessen,2.028,6431000,64310000000,23.0,"Bergstraße, LK",1.373,38.2,0.46567164179104475,0.725552050473186,0.0013910840932117529,0.7047970479704797,0.9660685407458327
25,Rheinland-Pfalz,1.733,7231000,72310000000,23.8,"Bernkastel-Wittlich, LK",2.499,42.2,0.39793340987370834,0.750788643533123,0.0025319148936170212,0.7785977859778598,1.1339849345308914
26,Baden-Württemberg,1.779,8426000,84260000000,19.4,"Biberach, LK",224.0,33.7,0.4084959816303099,0.6119873817034699,0.22695035460992907,0.6217712177121771,1.0522129723952662
27,Rheinland-Pfalz,4.355,7134000,71340000000,24.9,"Birkenfeld, LK",3.232,44.4,1.0,0.7854889589905362,0.003274569402228977,0.8191881918819187,0.6079517202746838
28,Baden-Württemberg,2.071,8115000,81150000000,20.6,"Böblingen, LK",452.0,28.9,0.47554535017221583,0.6498422712933754,0.4579533941236069,0.533210332103321,1.1654606473480875
29,Baden-Württemberg,2.05,8435000,84350000000,23.3,"Bodenseekreis, LK",474.0,33.9,0.47072330654420197,0.7350157728706624,0.48024316109422494,0.6254612546125461,1.3699968820332313
30,Sachsen-Anhalt,1.557,15083000,150830000000,25.200000000000003,"Börde, LK",949.0,51.7,0.35752009184845,0.7949526813880127,0.961499493414387,0.9538745387453874,2.3528066216993375
31,Nordrhein-Westfalen,1.917,5554000,55540000000,19.8,"Borken, LK",1.037,38.7,0.4401836969001148,0.6246056782334385,0.0010506585612968591,0.7140221402214022,0.8994947801160227
32,Baden-Württemberg,1.955,8315000,83150000000,22.8,"Breisgau-Hochschwarzwald, LK",815.0,37.3,0.4489092996555683,0.7192429022082019,0.8257345491388045,0.6881918819188191,1.784260033610257
33,Sachsen-Anhalt,1.5,15084000,150840000000,28.900000000000002,"Burgenlandkreis, LK",1.003,53.8,0.3444316877152698,0.9116719242902208,0.001016210739614995,0.9926199261992619,1.5608763735138278
34,Baden-Württemberg,1.872,8235000,82350000000,21.5,"Calw, LK",1.37,35.5,0.4298507462686567,0.6782334384858043,0.0013880445795339414,0.6549815498154982,0.9047522866121798
35,Niedersachsen,1.962,3351000,33510000000,23.900000000000002,"Celle, LK",2.617,45.1,0.45051664753157283,0.7539432176656151,0.0026514690982776088,0.8321033210332103,1.1381813602655302
36,Bayern,1.854,9372000,93720000000,22.3,"Cham, LK",743.0,45.7,0.42571756601607347,0.7034700315457413,0.7527862208713273,0.8431734317343174,1.8737121181353127
37,Niedersachsen,1.682,3453000,34530000000,17.0,"Cloppenburg, LK",757.0,43.0,0.38622273249138916,0.5362776025236593,0.7669706180344478,0.7933579335793357,1.7103834216460536
38,Bayern,1.788,9473000,94730000000,24.0,"Coburg, LK",886.0,38.8,0.4105625717566016,0.7570977917981072,0.8976697061803445,0.7158671586715867,1.9600720848934365
39,Rheinland-Pfalz,1.656,7135000,71350000000,25.4,"Cochem-Zell, LK",1.73,40.6,0.3802525832376578,0.8012618296529967,0.0017527862208713272,0.7490774907749077,1.1718395234111179
40,Nordrhein-Westfalen,1.796,5558000,55580000000,22.0,"Coesfeld, LK",609.0,37.1,0.4123995407577497,0.6940063091482649,0.6170212765957447,0.6845018450184501,1.5831298900047102
41,Niedersachsen,1.901,3352000,33520000000,26.1,"Cuxhaven, LK",1.614,43.0,0.43650975889781857,0.8233438485804416,0.001635258358662614,0.7933579335793357,1.1818272816206212
42,Bayern,1.873,9174000,91740000000,19.1,"Dachau, LK",861.0,27.5,0.4300803673938002,0.6025236593059937,0.8723404255319149,0.507380073800738,1.5521637912448467
43,Brandenburg,2.261,12061000,120610000000,24.4,"Dahme-Spreewald, LK",292.0,45.6,0.5191733639494833,0.7697160883280756,0.29584599797365757,0.8413284132841328,1.3877171356363827
44,Hessen,1.925,6432000,64320000000,21.6,"Darmstadt-Dieburg, LK",1.513,35.1,0.4420206659012629,0.6813880126182965,0.0015329280648429583,0.6476014760147601,0.8885017507966368
45,Bayern,1.856,9271000,92710000000,21.1,"Deggendorf, LK",1.028,42.3,0.4261768082663605,0.6656151419558359,0.0010415400202634245,0.7804428044280441,1.020922678137783
46,Niedersachsen,1.778,3251000,32510000000,23.0,"Diepholz, LK",537.0,38.7,0.40826636050516646,0.725552050473186,0.5440729483282675,0.7140221402214022,1.5753807785176894
47,Bayern,1.839,9773000,97730000000,20.9,"Dillingen an der Donau, LK",976.0,36.9,0.4222732491389207,0.6593059936908516,0.9888551165146909,0.6808118081180812,1.906699669184703
48,Bayern,2.489,9279000,92790000000,19.7,"Dingolfing-Landau, LK",600.0,37.4,0.5715269804822043,0.6214511041009463,0.60790273556231,0.6900369003690037,1.3478637595500556
49,Schleswig-Holstein,1.932,1051000,10510000000,25.5,"Dithmarschen, LK",1.595,46.1,0.44362801377726746,0.8044164037854888,0.0016160081053698074,0.8505535055350554,1.2129579036486464
50,Bayern,2.026,9779000,97790000000,20.7,"Donau-Ries, LK",585.0,37.0,0.46521239954075766,0.6529968454258674,0.5927051671732523,0.6826568265682657,1.4631464396266276
51,Rheinland-Pfalz,1.642,7333000,73330000000,23.0,"Donnersbergkreis, LK",3.863,39.6,0.37703788748564865,0.725552050473186,0.00391388044579534,0.7306273062730627,1.0830553497063955
52,Nordrhein-Westfalen,1.949,5358000,53580000000,22.0,"Düren, LK",2.26,41.9,0.4475315729047072,0.6940063091482649,0.0022897669706180342,0.7730627306273062,1.0218272338414822
53,Bayern,1.918,9175000,91750000000,19.0,"Ebersberg, LK",1.375,20.6,0.44041331802525824,0.5993690851735015,0.001393110435663627,0.3800738007380074,0.5404226783219144
54,Thüringen,1.709,16061000,160610000000,25.3,"Eichsfeld, LK",764.0,50.0,0.39242250287026403,0.7981072555205047,0.7740628166160081,0.9225092250922509,2.1022567943584995
55,Bayern,1.784,9176000,91760000000,18.4,"Eichstätt, LK",400.0,29.8,0.4096440872560275,0.5804416403785488,0.40526849037487334,0.5498154981549815,1.125881541652376
56,Rheinland-Pfalz,1.746,7232000,72320000000,21.4,"Eifelkreis Bitburg-Prüm, LK",2.573,44.4,0.400918484500574,0.6750788643533122,0.0026068895643363726,0.8191881918819187,1.0959554612989932
57,Brandenburg,1.818,12062000,120620000000,29.4,"Elbe-Elster, LK",418.0,48.5,0.417451205510907,0.9274447949526813,0.42350557244174264,0.8948339483394834,1.828333110223
58,Baden-Württemberg,1.932,8316000,83160000000,21.9,"Emmendingen, LK",508.0,36.8,0.44362801377726746,0.6908517350157728,0.5146909827760892,0.6789667896678966,1.4408814936824912
59,Niedersachsen,1.823,3454000,34540000000,19.9,"Emsland, LK",589.0,41.9,0.4185993111366245,0.6277602523659305,0.596757852077001,0.7730627306273062,1.5789815239336136
60,Nordrhein-Westfalen,2.075,5954000,59540000000,24.299999999999997,"Ennepe-Ruhr-Kreis, LK",2.936,41.0,0.4764638346727899,0.7665615141955835,0.0029746707193515705,0.7564575645756457,1.049529914817791
61,Baden-Württemberg,1.787,8236000,82360000000,21.8,"Enzkreis, LK",357.0,29.2,0.410332950631458,0.6876971608832807,0.3617021276595745,0.5387453874538745,1.1778117253652716
62,Bayern,1.886,9177000,91770000000,17.6,"Erding, LK",896.0,29.5,0.4330654420206658,0.555205047318612,0.9078014184397163,0.544280442804428,1.5742214665420904
63,Bayern,2.241,9572000,95720000000,21.200000000000003,"Erlangen-Höchstadt, LK",672.0,30.6,0.514580941446613,0.6687697160883281,0.6808510638297872,0.5645756457564576,1.3996154842279598
64,Sachsen,1.511,14521000,145210000000,30.799999999999997,"Erzgebirgskreis, LK",467.0,52.1,0.3469575200918484,0.9716088328075708,0.47315096251266464,0.9612546125461254,2.0590568877745126
65,Baden-Württemberg,1.995,8116000,81160000000,20.9,"Esslingen, LK",565.0,28.8,0.4580941446613088,0.6593059936908516,0.5724417426545086,0.5313653136531366,1.305018905337188
66,Nordrhein-Westfalen,1.788,5366000,53660000000,22.4,"Euskirchen, LK",1.487,40.6,0.4105625717566016,0.7066246056782334,0.0015065856129685919,0.7490774907749077,1.0466461103095082
67,Bayern,2.125,9474000,94740000000,21.4,"Forchheim, LK",688.0,35.9,0.4879448909299655,0.6750788643533122,0.6970618034447822,0.6623616236162361,1.5465574004843652
68,Bayern,2.079,9178000,91780000000,16.4,"Freising, LK",590.0,30.5,0.47738231917336393,0.5173501577287065,0.5977710233029382,0.562730627306273,1.2004694891645535
69,Baden-Württemberg,2.054,8237000,82370000000,21.4,"Freudenstadt, LK",576.0,35.6,0.47164179104477605,0.6750788643533122,0.5835866261398176,0.6568265682656826,1.4438502677140364
70,Bayern,1.791,9272000,92720000000,23.0,"Freyung-Grafenau, LK",1.458,45.3,0.4112514351320321,0.725552050473186,0.0014772036474164133,0.8357933579335792,1.1515711769221495
71,Niedersachsen,1.683,3455000,34550000000,26.799999999999997,"Friesland, LK",1.051,45.9,0.3864523536165327,0.8454258675078863,0.0010648429584599797,0.8468634686346863,1.3069018254844997
72,Hessen,2.039,6631000,66310000000,21.8,"Fulda, LK",1.093,42.3,0.4681974741676234,0.6876971608832807,0.0011073961499493414,0.7804428044280441,1.0010498872936509
73,Bayern,1.979,9179000,91790000000,22.0,"Fürstenfeldbruck, LK",935.0,24.8,0.4544202066590126,0.6940063091482649,0.9473150962512664,0.4575645756457564,1.6444657743862752
74,Bayern,1.713,9573000,95730000000,23.299999999999997,"Fürth, LK",1.173,32.0,0.3933409873708381,0.7350157728706623,0.0011884498480243162,0.5904059040590406,0.9332691394068892
75,Bayern,1.942,9180000,91800000000,25.3,"Garmisch-Partenkirchen, LK",1.009,40.1,0.4459242250287026,0.7981072555205047,0.0010222897669706179,0.7398523985239852,1.0930577187827581
76,Rheinland-Pfalz,1.581,7334000,73340000000,20.9,"Germersheim, LK",2.615,34.7,0.3630309988518943,0.6593059936908516,0.0026494427558257346,0.6402214022140221,0.9391458398088051
77,Hessen,2.129,6531000,65310000000,19.9,"Gießen, LK",1.562,46.7,0.48886337543053954,0.6277602523659305,0.0015825734549138805,0.8616236162361623,1.0021030666264672
78,Niedersachsen,1.649,3151000,31510000000,20.9,"Gifhorn, LK",1.006,39.5,0.37864523536165323,0.6593059936908516,0.0010192502532928064,0.7287822878228782,1.0104622964053696
79,Baden-Württemberg,1.902,8117000,81170000000,22.1,"Göppingen, LK",478.0,33.7,0.43673938002296203,0.6971608832807571,0.48429584599797365,0.6217712177121771,1.3664885669679459
80,Sachsen,1.985,14626000,146260000000,30.700000000000003,"Görlitz, LK",699.0,51.7,0.4557979334098737,0.9684542586750788,0.7082066869300911,0.9538745387453874,2.1747375509406837
81,Niedersachsen,1.969,3153000,31530000000,27.900000000000002,"Goslar, LK",1.06,47.1,0.4521239954075775,0.8801261829652997,0.0010739614994934145,0.8690036900369004,1.298079839094116
82,Thüringen,1.816,16067000,160670000000,26.2,"Gotha, LK",561.0,51.4,0.41699196326061994,0.8264984227129336,0.5683890577507599,0.9483394833948339,1.9262350005979072
83,Niedersachsen,1.982,3159000,31590000000,23.4,"Göttingen, LK",1.545,47.4,0.4551090700344431,0.7381703470031544,0.0015653495440729483,0.8745387453874538,1.1591653719002382
84,Niedersachsen,1.74,3456000,34560000000,21.3,Grafschaft Bentheim,914.0,42.9,0.3995407577497129,0.6719242902208201,0.9260385005065856,0.7915129151291512,1.9899349481068442
85,Thüringen,1.744,16076000,160760000000,30.8,"Greiz, LK",556.0,51.9,0.400459242250287,0.9716088328075709,0.563323201621074,0.9575645756457564,2.092037367824114
86,Hessen,2.065,6433000,64330000000,19.700000000000003,"Groß-Gerau, LK",2.329,38.0,0.4741676234213547,0.6214511041009464,0.0023596757852077004,0.7011070110701106,0.8507501675349101
87,Bayern,1.899,9774000,97740000000,20.0,"Günzburg, LK",438.0,37.6,0.4360505166475315,0.6309148264984227,0.44376899696048633,0.6937269372693727,1.3323602440807503
88,Nordrhein-Westfalen,2.094,5754000,57540000000,20.3,"Gütersloh, LK",555.0,35.4,0.48082663605051656,0.6403785488958991,0.5623100303951368,0.6531365313653136,1.3749984746058326
89,Niedersachsen,2.014,3252000,32520000000,25.700000000000003,"Hameln-Pyrmont, LK",2.329,45.6,0.4624569460390355,0.8107255520504733,0.0023596757852077004,0.8413284132841328,1.1919566950807783
90,Niedersachsen,1.823,3353000,33530000000,22.5,"Harburg, LK",757.0,36.1,0.4185993111366245,0.7097791798107255,0.7669706180344478,0.6660516605166051,1.7242021472251539
91,Sachsen-Anhalt,1.525,15085000,150850000000,29.6,"Harz, LK",1.453,51.7,0.3501722158438576,0.9337539432176656,0.0014721377912867274,0.9538745387453874,1.538928403910482
92,Bayern,1.677,9674000,96740000000,22.2,"Haßberge, LK",834.0,40.3,0.3850746268656716,0.7003154574132491,0.8449848024316109,0.7435424354243542,1.9037680684035427
93,Brandenburg,1.766,12063000,120630000000,23.2,"Havelland, LK",343.0,45.7,0.4055109070034443,0.7318611987381702,0.3475177304964539,0.8431734317343174,1.517041453965497
94,Niedersachsen,1.841,3358000,33580000000,22.7,"Heidekreis, LK",1.871,45.0,0.42273249138920777,0.7160883280757097,0.0018956433637284701,0.8302583025830258,1.125509782633256
95,Baden-Württemberg,2.012,8135000,81350000000,22.3,"Heidenheim, LK",1.028,35.3,0.46199770378874855,0.7034700315457413,0.0010415400202634245,0.6512915129151291,0.8938053806923854
96,Baden-Württemberg,1.938,8125000,81250000000,19.9,"Heilbronn, LK",359.0,32.0,0.4450057405281285,0.6277602523659305,0.3637284701114488,0.5904059040590406,1.1368888860082913
97,Nordrhein-Westfalen,1.755,5370000,53700000000,21.8,"Heinsberg, LK",940.0,41.1,0.4029850746268656,0.6876971608832807,0.9523809523809523,0.7583025830258302,1.9953956216631976
98,Niedersachsen,1.793,3154000,31540000000,23.8,"Helmstedt, LK",2.988,42.3,0.4117106773823191,0.750788643533123,0.003027355623100304,0.7804428044280441,1.1225481262019485
99,Nordrhein-Westfalen,1.85,5758000,57580000000,22.6,"Herford, LK",2.287,41.1,0.4247990815154994,0.7129337539432177,0.0023171225937183384,0.7583025830258302,1.048754378047267
100,Hessen,2.059,6632000,66320000000,24.599999999999998,"Hersfeld-Rotenburg, LK",3.706,44.8,0.4727898966704937,0.7760252365930598,0.0037548125633232016,0.8265682656826567,1.1335584181685459
101,Schleswig-Holstein,1.722,1053000,10530000000,22.7,Herzogtum Lauenburg,961.0,39.2,0.3954075774971297,0.7160883280757097,0.9736575481256332,0.7232472324723247,2.017585531176538
102,Thüringen,1.578,16069000,160690000000,26.200000000000003,"Hildburghausen, LK",316.0,51.6,0.3623421354764638,0.8264984227129337,0.32016210739615,0.9520295202952029,1.7363479149278227
103,Niedersachsen,1.828,3254000,32540000000,23.799999999999997,"Hildesheim, LK",2.075,43.0,0.4197474167623421,0.7507886435331229,0.0021023302938196556,0.7933579335793357,1.1265014906439363
104,Nordrhein-Westfalen,1.904,5958000,59580000000,22.9,"Hochsauerlandkreis, LK",1.316,39.4,0.43719862227324907,0.7223974763406938,0.0013333333333333333,0.7269372693726937,1.0134694567734717
105,Hessen,2.247,6434000,64340000000,23.0,"Hochtaunuskreis, LK",3.641,22.1,0.515958668197474,0.725552050473186,0.0036889564336372847,0.40774907749077494,0.6210314162001244
106,Bayern,1.814,9475000,94750000000,26.200000000000003,"Hof, LK",1.054,44.1,0.4165327210103329,0.8264984227129337,0.0010678824721377914,0.8136531365313653,1.2246867207061038
107,Baden-Württemberg,2.077,8126000,81260000000,20.3,"Hohenlohekreis, LK",524.0,33.5,0.4769230769230769,0.6403785488958991,0.5309017223910841,0.6180811808118081,1.3124383751757143
108,Niedersachsen,1.799,3255000,32550000000,26.9,"Holzminden, LK",2.078,45.5,0.4130884041331802,0.8485804416403784,0.002105369807497467,0.8394833948339483,1.2770808021486442
109,Nordrhein-Westfalen,1.73,5762000,57620000000,23.700000000000003,"Höxter, LK",823.0,46.1,0.3972445464982778,0.7476340694006309,0.8338399189463019,0.8505535055350554,2.0347829473837105
110,Thüringen,1.851,16070000,160700000000,26.9,"Ilm-Kreis, LK",833.0,51.5,0.4250287026406429,0.8485804416403784,0.8439716312056738,0.9501845018450183,2.2177078720504277
111,Sachsen-Anhalt,1.459,15086000,150860000000,27.2,"Jerichower Land, LK",1.016,53.0,0.33501722158438574,0.8580441640378548,0.0010293819655521784,0.977859778597786,1.5019161030168071
112,Rheinland-Pfalz,1.769,7335000,73350000000,22.7,"Kaiserslautern, LK",3.942,39.9,0.4061997703788748,0.7160883280757097,0.003993920972644377,0.7361623616236161,1.0500448402930953
113,Baden-Württemberg,1.844,8215000,82150000000,21.799999999999997,"Karlsruhe, LK",732.0,34.6,0.4234213547646383,0.6876971608832806,0.7416413373860182,0.6383763837638377,1.644293527268498
114,Hessen,1.931,6633000,66330000000,25.4,"Kassel, LK",1.801,39.8,0.44339839265212394,0.8012618296529967,0.0018247213779128673,0.7343173431734317,1.0940055015522174
115,Bayern,1.806,9273000,92730000000,19.4,"Kelheim, LK",347.0,37.8,0.4146957520091848,0.6119873817034699,0.3515704154002026,0.6974169741697416,1.2462790192642295
116,Bayern,1.843,9675000,96750000000,21.3,"Kitzingen, LK",533.0,41.4,0.4231917336394948,0.6719242902208201,0.5400202634245187,0.7638376383763837,1.5525904583822279
117,Nordrhein-Westfalen,1.842,5154000,51540000000,21.5,"Kleve, LK",889.0,39.0,0.4229621125143513,0.6782334384858043,0.900709219858156,0.7195571955719556,1.8755377414015646
118,Baden-Württemberg,2.028,8335000,83350000000,21.6,"Konstanz, LK",427.0,40.0,0.46567164179104475,0.6813880126182965,0.4326241134751773,0.7380073800738007,1.38634786437623
119,Bayern,1.803,9476000,94760000000,25.3,"Kronach, LK",1.11,40.0,0.41400688863375423,0.7981072555205047,0.0011246200607902736,0.7380073800738007,1.1232323670213413
120,Bayern,1.835,9477000,94770000000,25.0,"Kulmbach, LK",957.0,43.3,0.4213547646383467,0.7886435331230284,0.9696048632218845,0.7988929889298892,2.135786620636455
121,Rheinland-Pfalz,1.682,7336000,73360000000,25.299999999999997,"Kusel, LK",6.465,39.8,0.38622273249138916,0.7981072555205045,0.00655015197568389,0.7343173431734317,1.152752018178231
122,Thüringen,1.837,16065000,160650000000,28.799999999999997,"Kyffhäuserkreis, LK",1.071,52.5,0.4218140068886337,0.9085173501577285,0.0010851063829787233,0.9686346863468634,1.456423135998937
123,Hessen,2.031,6532000,65320000000,22.8,"Lahn-Dill-Kreis, LK",2.746,41.2,0.4663605051664753,0.7192429022082019,0.0027821681864235058,0.7601476014760148,1.0158121667041646
124,Bayern,2.016,9181000,91810000000,20.7,"Landsberg am Lech, LK",1.245,32.6,0.46291618828932257,0.6529968454258674,0.0012613981762917934,0.6014760147601476,0.7928180700729844
125,Bayern,2.025,9274000,92740000000,19.3,"Landshut, LK",502.0,37.0,0.4649827784156142,0.6088328075709779,0.5086119554204661,0.6826568265682657,1.3351188111440955
126,Niedersachsen,1.686,3457000,34570000000,22.1,"Leer, LK",1.17,47.6,0.3871412169919632,0.6971608832807571,0.0011854103343465045,0.8782287822878229,1.1894338589109632
127,Sachsen,1.571,14729000,147290000000,27.3,"Leipzig, LK",487.0,49.3,0.3607347876004592,0.861198738170347,0.49341438703140833,0.9095940959409593,1.9034724335422555
128,Bayern,1.877,9478000,94780000000,23.5,"Lichtenfels, LK",1.483,42.5,0.43099885189437426,0.7413249211356466,0.001502532928064843,0.7841328413284132,1.0959614434977505
129,Hessen,2.094,6533000,65330000000,22.3,"Limburg-Weilburg, LK",1.411,42.7,0.48082663605051656,0.7034700315457413,0.0014295845997973659,0.7878228782287823,1.0118958583238045
130,Bayern,1.899,9776000,97760000000,23.1,"Lindau (Bodensee), LK",941.0,39.0,0.4360505166475315,0.7287066246056783,0.9533941236068896,0.7195571955719556,1.965607427136992
131,Nordrhein-Westfalen,1.952,5766000,57660000000,23.1,"Lippe, LK",2.311,44.7,0.44822043628013775,0.7287066246056783,0.0023414387031408307,0.8247232472324724,1.1075508742611535
132,Baden-Württemberg,2.043,8336000,83360000000,21.1,"Lörrach, LK",568.0,38.8,0.46911595866819744,0.6656151419558359,0.5754812563323202,0.7158671586715867,1.4878475982915453
133,Niedersachsen,2.15,3354000,33540000000,28.6,"Lüchow-Dannenberg, LK",2.321,47.6,0.49368541905855334,0.9022082018927444,0.002351570415400203,0.8782287822878229,1.289103135537414
134,Baden-Württemberg,2.009,8118000,81180000000,20.4,"Ludwigsburg, LK",406.0,30.0,0.46130884041331793,0.643533123028391,0.41134751773049644,0.5535055350553505,1.14707733540092
135,Mecklenburg-Vorpommern,1.614,13076000,130760000000,25.5,"Ludwigslust-Parchim, LK",981.0,50.5,0.3706084959816303,0.8044164037854888,0.993920972644377,0.9317343173431734,2.359463197791409
136,Niedersachsen,1.874,3355000,33550000000,20.8,"Lüneburg, LK",2.468,43.1,0.43030998851894375,0.6561514195583595,0.0025005065856129687,0.7952029520295203,1.023544889654549
137,Hessen,2.182,6435000,64350000000,22.1,"Main-Kinzig-Kreis, LK",2.049,38.4,0.5010332950631458,0.6971608832807571,0.0020759878419452887,0.7084870848708487,0.9066906609304051
138,Bayern,1.772,9677000,96770000000,24.1,"Main-Spessart, LK",987.0,36.4,0.40688863375430534,0.7602523659305993,1.0,0.6715867158671586,2.0249504480434526
139,Baden-Württemberg,1.998,8128000,81280000000,23.3,"Main-Tauber-Kreis, LK",754.0,36.9,0.4587830080367393,0.7350157728706624,0.7639311043566362,0.6808118081180812,1.7209756773086404
140,Hessen,2.612,6436000,64360000000,21.4,"Main-Taunus-Kreis, LK",2.775,24.8,0.5997703788748564,0.6750788643533122,0.0028115501519756837,0.4575645756457564,0.5356846112761878
141,Rheinland-Pfalz,2.239,7339000,73390000000,21.9,"Mainz-Bingen, LK",734.0,29.5,0.514121699196326,0.6908517350157728,0.7436676798378926,0.544280442804428,1.4646781584617674
142,Sachsen-Anhalt,1.485,15087000,150870000000,31.0,"Mansfeld-Südharz, LK",1.735,54.2,0.3409873708381171,0.9779179810725551,0.0017578520770010133,1.0,1.638688462311439
143,Hessen,3.688,6534000,65340000000,20.299999999999997,"Marburg-Biedenkopf, LK",1.449,45.5,0.8468427095292766,0.640378548895899,0.0014680851063829789,0.8394833948339483,0.6344873193069537
144,Nordrhein-Westfalen,1.997,5962000,59620000000,22.7,"Märkischer Kreis, LK",2.219,39.6,0.45855338691159586,0.7160883280757097,0.00224822695035461,0.7306273062730627,0.990410474387531
145,Brandenburg,1.734,12064000,120640000000,25.0,"Märkisch-Oderland, LK",539.0,46.4,0.39816303099885186,0.7886435331230284,0.5460992907801419,0.8560885608856088,1.792668353789927
146,Rheinland-Pfalz,1.679,7137000,71370000000,22.9,"Mayen-Koblenz, LK",2.247,39.4,0.38553386911595866,0.7223974763406938,0.002276595744680851,0.7269372693726937,1.0660774723421096
147,Mecklenburg-Vorpommern,1.745,13071000,130710000000,27.700000000000003,"Mecklenburgische Seenplatte, LK",876.0,52.5,0.4006888633754305,0.8738170347003155,0.8875379939209727,0.9686346863468634,2.329300851592721
148,Sachsen,1.637,14627000,146270000000,28.4,"Meißen, LK",469.0,51.1,0.3758897818599311,0.8958990536277601,0.475177304964539,0.9428044280442804,1.9379910047766484
149,Saarland,1.592,10042000,100420000000,23.9,"Merzig-Wadern, LK",1.728,43.0,0.365556831228473,0.753943217665615,0.0017507598784194528,0.7933579335793357,1.1834950798948973
150,Nordrhein-Westfalen,2.514,5158000,51580000000,24.1,"Mettmann, LK",1.686,33.3,0.5772675086107921,0.7602523659305993,0.001708206686930091,0.614391143911439,0.7990842079181761
151,Bayern,2.198,9182000,91820000000,22.9,"Miesbach, LK",2.036,31.0,0.504707233065442,0.7223974763406938,0.0020628166160081055,0.5719557195571956,0.7917087794484557
152,Bayern,1.858,9676000,96760000000,22.4,"Miltenberg, LK",779.0,36.6,0.4266360505166475,0.7066246056782334,0.7892603850050659,0.6752767527675276,1.7445256929341793
153,Nordrhein-Westfalen,2.106,5770000,57700000000,22.5,"Minden-Lübbecke, LK",1.025,42.5,0.48358208955223875,0.7097791798107255,0.0010385005065856128,0.7841328413284132,1.0113684320934857
154,Sachsen,1.575,14522000,145220000000,29.0,"Mittelsachsen, LK",370.0,51.3,0.36165327210103326,0.9148264984227128,0.37487335359675783,0.9464944649446494,1.8745410448630868
155,Bayern,1.925,9183000,91830000000,20.3,"Mühldorf am Inn, LK",911.0,36.8,0.4420206659012629,0.6403785488958991,0.922998986828774,0.6789667896678966,1.800323659491307
156,Bayern,4.128,9184000,91840000000,20.8,"München, LK",1.059,22.8,0.9478760045924224,0.6561514195583595,0.0010729483282674772,0.4206642066420664,0.13001256993627108
157,Baden-Württemberg,1.799,8225000,82250000000,22.6,"Neckar-Odenwald-Kreis, LK",829.0,39.1,0.4130884041331802,0.7129337539432177,0.839918946301925,0.7214022140221402,1.861166510134103
158,Bayern,1.839,9185000,91850000000,19.8,"Neuburg-Schrobenhausen, LK",1.07,35.1,0.4222732491389207,0.6246056782334385,0.0010840932117527863,0.6476014760147601,0.8510179983210306
159,Bayern,1.836,9373000,93730000000,19.9,"Neumarkt in der Oberpfalz, LK",360.0,39.3,0.4215843857634902,0.6277602523659305,0.364741641337386,0.7250922509225092,1.2960097588623356
160,Saarland,1.827,10043000,100430000000,25.2,"Neunkirchen, LK",2.029,45.0,0.4195177956371986,0.7949526813880126,0.002055724417426545,0.8302583025830258,1.2077489127512666
161,Bayern,1.807,9575000,95750000000,21.6,"Neustadt an der Aisch-Bad Windsheim, LK",723.0,40.4,0.4149253731343283,0.6813880126182965,0.7325227963525835,0.7453874538745386,1.7443728897110906
162,Bayern,1.942,9374000,93740000000,21.7,"Neustadt an der Waldnaab, LK",556.0,42.0,0.4459242250287026,0.6845425867507886,0.563323201621074,0.7749077490774907,1.5768493124206509
163,Bayern,1.92,9775000,97750000000,20.7,"Neu-Ulm, LK",465.0,34.9,0.4408725602755453,0.6529968454258674,0.47112462006079026,0.6439114391143911,1.3271603443255038
164,Rheinland-Pfalz,2.109,7138000,71380000000,22.9,"Neuwied, LK",1.998,40.0,0.4842709529276693,0.7223974763406938,0.0020243161094224923,0.7380073800738007,0.9781582195962476
165,Niedersachsen,1.773,3256000,32560000000,22.9,"Nienburg (Weser), LK",1.328,44.9,0.40711825487944886,0.7223974763406938,0.0013454913880445796,0.8284132841328412,1.145037996982131
166,Schleswig-Holstein,2.225,1054000,10540000000,24.9,"Nordfriesland, LK",1.915,46.7,0.5109070034443168,0.7854889589905362,0.0019402228976697063,0.8616236162361623,1.1381457946800515
167,Thüringen,1.933,16062000,160620000000,27.9,"Nordhausen, LK",870.0,53.1,0.443857634902411,0.8801261829652995,0.8814589665653495,0.9797047970479704,2.2974323116762085
168,Sachsen,1.621,14730000,147300000000,26.700000000000003,"Nordsachsen, LK",1.17,50.3,0.37221584385763484,0.8422712933753943,0.0011854103343465045,0.9280442804428043,1.3992851402949102
169,Mecklenburg-Vorpommern,1.712,13074000,130740000000,25.1,"Nordwestmecklenburg, LK",1.256,51.9,0.39311136624569454,0.7917981072555205,0.0012725430597771024,0.9575645756457564,1.3575238597153594
170,Niedersachsen,1.785,3155000,31550000000,26.2,"Northeim, LK",1.312,45.0,0.409873708381171,0.8264984227129336,0.0013292806484295847,0.8302583025830258,1.248212297563218
171,Bayern,1.881,9574000,95740000000,23.0,"Nürnberger Land, LK",735.0,32.1,0.4319173363949483,0.725552050473186,0.7446808510638298,0.5922509225092251,1.6305664876512926
172,Bayern,1.925,9780000,97800000000,23.2,"Oberallgäu, LK",1.262,40.3,0.4420206659012629,0.7318611987381702,0.0012786220871327254,0.7435424354243542,1.0346615903483942
173,Nordrhein-Westfalen,2.0,5374000,53740000000,22.0,"Oberbergischer Kreis, LK",3.176,40.1,0.45924225028702637,0.6940063091482649,0.003217831813576495,0.7398523985239852,0.9778342891988001
174,Brandenburg,1.868,12065000,120650000000,23.8,"Oberhavel, LK",127.0,45.3,0.42893226176808263,0.750788643533123,0.1286727456940223,0.8357933579335792,1.2863224853926418
175,Brandenburg,1.822,12066000,120660000000,29.799999999999997,"Oberspreewald-Lausitz, LK",464.0,47.8,0.41836969001148105,0.9400630914826497,0.47011144883485306,0.8819188191881918,1.8737236694942134
176,Hessen,1.872,6437000,64370000000,24.6,"Odenwaldkreis, LK",973.0,42.0,0.4298507462686567,0.7760252365930599,0.9858156028368794,0.7749077490774907,2.106897842238773
177,Brandenburg,1.721,12067000,120670000000,27.8,"Oder-Spree, LK",571.0,45.9,0.3951779563719862,0.8769716088328076,0.5785207700101317,0.8468634686346863,1.9071778911056396
178,Hessen,2.427,6438000,64380000000,21.6,"Offenbach, LK",2.157,32.4,0.5572904707233065,0.6813880126182965,0.0021854103343465045,0.5977859778597785,0.7240689300891151
179,Niedersachsen,1.713,3458000,34580000000,22.0,"Oldenburg, LK",358.0,42.0,0.3933409873708381,0.6940063091482649,0.36271529888551163,0.7749077490774907,1.438288369740429
180,Nordrhein-Westfalen,2.146,5966000,59660000000,21.3,"Olpe, LK",781.0,34.4,0.49276693455797926,0.6719242902208201,0.7912867274569402,0.6346863468634686,1.6051304299832496
181,Baden-Württemberg,2.03,8317000,83170000000,21.6,"Ortenaukreis, LK",389.0,37.4,0.46613088404133174,0.6813880126182965,0.3941236068895643,0.6900369003690037,1.2994176358355327
182,Niedersachsen,1.717,3459000,34590000000,21.4,"Osnabrück, LK",1.381,39.5,0.39425947187141214,0.6750788643533122,0.0013991894630192502,0.7287822878228782,1.0110008697677975
183,Baden-Württemberg,2.331,8136000,81360000000,21.4,"Ostalbkreis, LK",857.0,35.6,0.5352468427095293,0.6750788643533122,0.8682877406281662,0.6568265682656826,1.664946330537632
184,Bayern,2.07,9777000,97770000000,21.7,"Ostallgäu, LK",1.166,39.4,0.47531572904707226,0.6845425867507886,0.0011813576494427557,0.7269372693726937,0.9373454847258529
185,Niedersachsen,1.777,3356000,33560000000,24.0,"Osterholz, LK",2.481,39.0,0.4080367393800229,0.7570977917981072,0.002513677811550152,0.7195571955719556,1.0711319258015903
186,Schleswig-Holstein,1.878,1055000,10550000000,28.3,"Ostholstein, LK",1.134,44.3,0.4312284730195177,0.892744479495268,0.001148936170212766,0.8173431734317342,1.2800081160776975
187,Brandenburg,1.932,12068000,120680000000,27.2,"Ostprignitz-Ruppin, LK",427.0,49.0,0.44362801377726746,0.8580441640378548,0.4326241134751773,0.9040590405904059,1.7510993043261707
188,Nordrhein-Westfalen,1.932,5774000,57740000000,19.2,"Paderborn, LK",844.0,44.5,0.44362801377726746,0.6056782334384857,0.8551165146909828,0.8210332103321033,1.8381999446843043
189,Bayern,1.756,9275000,92750000000,23.200000000000003,"Passau, LK",882.0,42.6,0.40321469575200913,0.7318611987381703,0.8936170212765957,0.7859778597785978,2.008241384041355
190,Niedersachsen,1.693,3157000,31570000000,21.8,"Peine, LK",1.602,42.1,0.3887485648679678,0.6876971608832807,0.001623100303951368,0.7767527675276753,1.0773244638469395
191,Bayern,1.836,9186000,91860000000,18.8,"Pfaffenhofen an der Ilm, LK",512.0,32.2,0.4215843857634902,0.5930599369085173,0.5187436676798379,0.5940959409594097,1.2843151597842746
192,Schleswig-Holstein,1.979,1056000,10560000000,22.4,"Pinneberg, LK",1.974,36.0,0.4544202066590126,0.7066246056782334,0.002,0.6642066420664207,0.9184110410856414
193,Schleswig-Holstein,1.743,1057000,10570000000,26.9,"Plön, LK",1.61,41.0,0.4002296211251435,0.8485804416403784,0.0016312056737588653,0.7564575645756457,1.2064395907646395
194,Brandenburg,1.868,12069000,120690000000,23.6,"Potsdam-Mittelmark, LK",373.0,42.9,0.42893226176808263,0.7444794952681387,0.3779128672745694,0.7915129151291512,1.4849730159037768
195,Brandenburg,1.979,12070000,120700000000,29.3,"Prignitz, LK",267.0,49.6,0.4544202066590126,0.9242902208201892,0.270516717325228,0.9151291512915128,1.6555158827779175
196,Baden-Württemberg,2.051,8216000,82160000000,22.4,"Rastatt, LK",521.0,36.6,0.47095292766934554,0.7066246056782334,0.5278622087132725,0.6752767527675276,1.438810639489688
197,Baden-Württemberg,2.072,8436000,84360000000,20.5,"Ravensburg, LK",546.0,38.1,0.47577497129735935,0.6466876971608833,0.5531914893617021,0.7029520295202952,1.4270562447455215
198,Nordrhein-Westfalen,2.138,5562000,55620000000,23.5,"Recklinghausen, LK",3.724,45.3,0.49092996555683116,0.7413249211356466,0.003773049645390071,0.8357933579335792,1.089961363157785
199,Bayern,1.934,9276000,92760000000,23.4,"Regen, LK",1.064,46.7,0.4440872560275545,0.7381703470031544,0.001078014184397163,0.8616236162361623,1.1567847213961593
200,Bayern,1.718,9375000,93750000000,20.4,"Regensburg, LK",532.0,38.7,0.39448909299655566,0.643533123028391,0.5390070921985816,0.7140221402214022,1.502073262451819
201,Saarland,2.151,10041000,100410000000,23.7,Regionalverband Saarbrücken,4.021,47.4,0.4939150401836968,0.7476340694006308,0.004073961499493415,0.8745387453874538,1.1323317361038812
202,Niedersachsen,2.257,3241000,32410000000,21.5,Region Hannover,3.195,45.1,0.5182548794489092,0.6782334384858043,0.003237082066869301,0.8321033210332103,0.9953189621369745
203,Baden-Württemberg,2.016,8119000,81190000000,21.6,"Rems-Murr-Kreis, LK",373.0,30.3,0.46291618828932257,0.6813880126182965,0.3779128672745694,0.559040590405904,1.155425282009447
204,Schleswig-Holstein,1.752,1058000,10580000000,24.200000000000003,"Rendsburg-Eckernförde, LK",1.008,39.9,0.4022962112514351,0.7634069400630915,0.0010212765957446808,0.7361623616236161,1.0982943670310172
205,Baden-Württemberg,1.927,8415000,84150000000,21.2,"Reutlingen, LK",733.0,34.4,0.4424799081515499,0.668769716088328,0.7426545086119554,0.6346863468634686,1.603630663412202
206,Nordrhein-Westfalen,1.889,5362000,53620000000,21.9,"Rhein-Erft-Kreis, LK",2.073,37.9,0.4337543053960964,0.6908517350157728,0.002100303951367781,0.6992619926199262,0.9584597261909704
207,Hessen,2.01,6439000,64390000000,23.8,"Rheingau-Taunus-Kreis, LK",1.824,35.6,0.46153846153846145,0.750788643533123,0.0018480243161094225,0.6568265682656826,0.9479247745764536
208,Rheinland-Pfalz,1.644,7140000,71400000000,23.7,"Rhein-Hunsrück-Kreis, LK",583.0,39.0,0.37749712973593563,0.7476340694006308,0.5906788247213779,0.7195571955719556,1.6803729599580288
209,Nordrhein-Westfalen,1.925,5378000,53780000000,23.9,"Rheinisch-Bergischer Kreis, LK",1.349,32.1,0.4420206659012629,0.753943217665615,0.0013667679837892604,0.5922509225092251,0.9055402422573664
210,Nordrhein-Westfalen,1.764,5162000,51620000000,22.5,"Rhein-Kreis Neuss, LK",1.335,32.0,0.40505166475315724,0.7097791798107255,0.0013525835866261397,0.5904059040590406,0.8964860027032351
211,Rheinland-Pfalz,1.607,7141000,71410000000,24.0,"Rhein-Lahn-Kreis, LK",1.889,40.7,0.3690011481056257,0.7570977917981072,0.0019138804457953394,0.7509225092250923,1.1409330333633692
212,Baden-Württemberg,2.075,8226000,82260000000,22.3,"Rhein-Neckar-Kreis, LK",644.0,35.0,0.4764638346727899,0.7034700315457413,0.6524822695035462,0.6457564575645756,1.5252449239410732
213,Rheinland-Pfalz,1.556,7338000,73380000000,23.3,"Rhein-Pfalz-Kreis, LK",872.0,28.6,0.3572904707233065,0.7350157728706624,0.8834853090172239,0.5276752767527675,1.7888858879173473
214,Nordrhein-Westfalen,1.912,5382000,53820000000,22.3,"Rhein-Sieg-Kreis, LK",3.135,36.2,0.4390355912743972,0.7034700315457413,0.0031762917933130697,0.6678966789667897,0.9355074110314471
215,Bayern,1.636,9673000,96730000000,23.299999999999997,"Rhön-Grabfeld, LK",983.0,42.8,0.37566016073478753,0.7350157728706623,0.9959473150962512,0.7896678966789666,2.1449708239110925
216,Bayern,1.86,9187000,91870000000,22.0,"Rosenheim, LK",919.0,34.2,0.42709529276693453,0.6940063091482649,0.9311043566362716,0.6309963099630996,1.8290116829807015
217,Mecklenburg-Vorpommern,1.533,13072000,130720000000,25.5,"Rostock, LK",491.0,51.8,0.3520091848450057,0.8044164037854888,0.49746707193515705,0.9557195571955719,1.905593848071212
218,Niedersachsen,1.699,3357000,33570000000,22.0,"Rotenburg (Wümme), LK",1.231,43.5,0.3901262916188289,0.6940063091482649,0.0012472137791286729,0.8025830258302583,1.107710257138823
219,Bayern,1.824,9576000,95760000000,21.700000000000003,"Roth, LK",530.0,36.8,0.41882893226176804,0.6845425867507887,0.5369807497467072,0.6789667896678966,1.4816611939036244
220,Bayern,1.823,9277000,92770000000,21.9,"Rottal-Inn, LK",1.255,41.3,0.4185993111366245,0.6908517350157728,0.0012715298885511651,0.7619926199261992,1.0355165736938985
221,Baden-Württemberg,1.982,8325000,83250000000,21.6,"Rottweil, LK",138.0,34.9,0.4551090700344431,0.6813880126182965,0.1398176291793313,0.6439114391143911,1.0100080108775757
222,Thüringen,1.708,16074000,160740000000,27.4,"Saale-Holzland-Kreis, LK",936.0,50.2,0.3921928817451205,0.864353312302839,0.9483282674772037,0.9261992619926199,2.346687960027542
223,Sachsen-Anhalt,1.539,15088000,150880000000,26.799999999999997,"Saalekreis, LK",697.0,51.1,0.35338691159586677,0.8454258675078863,0.7061803444782169,0.9428044280442804,2.141023728434517
224,Thüringen,1.766,16075000,160750000000,28.200000000000003,"Saale-Orla-Kreis, LK",753.0,51.7,0.4055109070034443,0.889589905362776,0.7629179331306991,0.9538745387453874,2.2008714702354184
225,Thüringen,1.755,16073000,160730000000,30.2,"Saalfeld-Rudolstadt, LK",579.0,51.8,0.4029850746268656,0.9526813880126181,0.5866261398176292,0.9557195571955719,2.0920420103989534
226,Saarland,1.705,10044000,100440000000,25.099999999999998,"Saarlouis, LK",1.726,42.3,0.39150401836969,0.7917981072555204,0.0017487335359675784,0.7804428044280441,1.182485626849842
227,Saarland,1.812,10045000,100450000000,25.9,"Saarpfalz-Kreis, LK",2.735,41.7,0.4160734787600459,0.8170347003154573,0.0027710233029381963,0.7693726937269373,1.1731049385852867
228,Sachsen,1.589,14628000,146280000000,28.099999999999998,"Sächsische Schweiz-Osterzgebirge, LK",635.0,50.9,0.36486796785304243,0.8864353312302837,0.6433637284701115,0.9391143911439114,2.104045482991264
229,Sachsen-Anhalt,1.574,15089000,150890000000,29.0,"Salzlandkreis, LK",1.747,54.2,0.36142365097588974,0.9148264984227128,0.0017700101317122594,1.0,1.5551728575785353
230,Niedersachsen,1.648,3257000,32570000000,25.0,"Schaumburg, LK",2.271,43.4,0.3784156142365097,0.7886435331230284,0.0023009118541033433,0.8007380073800737,1.213266838120696
231,Schleswig-Holstein,1.808,1059000,10590000000,24.5,"Schleswig-Flensburg, LK",1.37,43.4,0.41515499425947183,0.7728706624605678,0.0013880445795339414,0.8007380073800737,1.1598417201607036
232,Thüringen,1.699,16066000,160660000000,27.700000000000003,"Schmalkalden-Meiningen, LK",332.0,50.4,0.3901262916188289,0.8738170347003155,0.3363728470111449,0.9298892988929889,1.7499528889856204
233,Baden-Württemberg,1.93,8127000,81270000000,20.0,"Schwäbisch Hall, LK",866.0,37.1,0.4431687715269804,0.6309148264984227,0.8774062816616008,0.6845018450184501,1.749654181651493
234,Hessen,1.918,6634000,66340000000,23.9,"Schwalm-Eder-Kreis, LK",2.671,41.9,0.44041331802525824,0.753943217665615,0.0027061803444782167,0.7730627306273062,1.089298810612141
235,Bayern,1.826,9376000,93760000000,21.3,"Schwandorf, LK",1.115,42.5,0.4192881745120551,0.6719242902208201,0.0011296859169199595,0.7841328413284132,1.037898642954098
236,Baden-Württemberg,1.985,8326000,83260000000,22.8,"Schwarzwald-Baar-Kreis, LK",415.0,37.1,0.4557979334098737,0.7192429022082019,0.4204660587639311,0.6845018450184501,1.3684128725807094
237,Bayern,1.774,9678000,96780000000,22.7,"Schweinfurt, LK",356.0,37.8,0.4073478760045924,0.7160883280757097,0.3606889564336373,0.6974169741697416,1.366846382674496
238,Schleswig-Holstein,1.952,1060000,10600000000,22.200000000000003,"Segeberg, LK",1.244,37.1,0.44822043628013775,0.7003154574132492,0.001260385005065856,0.6845018450184501,0.9378572511566273
239,Nordrhein-Westfalen,2.015,5970000,59700000000,22.3,"Siegen-Wittgenstein, LK",1.94,40.2,0.4626865671641791,0.7034700315457413,0.0019655521783181356,0.7416974169741698,0.9844464335340501
240,Baden-Württemberg,1.909,8437000,84370000000,21.3,"Sigmaringen, LK",296.0,39.3,0.43834672789896667,0.6719242902208201,0.2998986828774063,0.7250922509225092,1.258568496121769
241,Nordrhein-Westfalen,1.949,5974000,59740000000,22.1,"Soest, LK",1.233,40.9,0.4475315729047072,0.6971608832807571,0.0012492401215805473,0.7546125461254611,1.0054910966230917
242,Thüringen,1.702,16068000,160680000000,26.2,"Sömmerda, LK",1.257,51.3,0.39081515499425945,0.8264984227129336,0.0012735562310030393,0.9464944649446494,1.3834512888943267
243,Thüringen,1.692,16072000,160720000000,29.2,"Sonneberg, LK",811.0,50.8,0.3885189437428243,0.9211356466876971,0.8216818642350557,0.9372693726937268,2.2915679398736555
244,Brandenburg,1.832,12071000,120710000000,29.6,"Spree-Neiße, LK",1.15,47.3,0.42066590126291614,0.9337539432176656,0.0011651469098277608,0.8726937269372693,1.3869469158018466
245,Niedersachsen,1.729,3359000,33590000000,21.9,"Stade, LK",1.042,39.3,0.3970149253731343,0.6908517350157728,0.0010557244174265452,0.7250922509225092,1.0199847849825743
246,Nordrhein-Westfalen,2.132,5334000,53340000000,20.8,Städteregion Aachen,2.998,47.3,0.48955223880597015,0.6561514195583595,0.003037487335359676,0.8726937269372693,1.0423303950250185
247,Bayern,2.153,9188000,91880000000,23.4,"Starnberg, LK",376.0,15.4,0.4943742824339839,0.7381703470031544,0.38095238095238093,0.28413284132841327,0.9088812868499647
248,Schleswig-Holstein,1.943,1061000,10610000000,23.3,"Steinburg, LK",1.274,42.8,0.4461538461538461,0.7350157728706624,0.0012907801418439717,0.7896678966789666,1.079820603537627
249,Nordrhein-Westfalen,1.882,5566000,55660000000,20.6,"Steinfurt, LK",1.042,41.0,0.4321469575200918,0.6498422712933754,0.0010557244174265452,0.7564575645756457,0.9752086027663558
250,Sachsen-Anhalt,1.57,15090000,150900000000,27.3,"Stendal, LK",1.122,53.0,0.3605051664753157,0.861198738170347,0.0011367781155015198,0.977859778597786,1.4796901284083188
251,Schleswig-Holstein,1.98,1062000,10620000000,23.6,"Stormarn, LK",528.0,31.5,0.4546498277841561,0.7444794952681387,0.5349544072948328,0.5811808118081181,1.4059648865869336
252,Bayern,1.801,9278000,92780000000,20.3,"Straubing-Bogen, LK",736.0,39.6,0.41354764638346725,0.6403785488958991,0.745694022289767,0.7306273062730627,1.7031522310752611
253,Saarland,1.911,10046000,100460000000,26.1,"St. Wendel, LK",2.259,37.8,0.4388059701492537,0.8233438485804416,0.0022887537993920974,0.6974169741697416,1.0842436064003216
254,Rheinland-Pfalz,1.648,7337000,73370000000,24.1,"Südliche Weinstraße, LK",1.097,36.6,0.3784156142365097,0.7602523659305993,0.0011114488348530902,0.6752767527675276,1.0582249532964703
255,Rheinland-Pfalz,1.545,7340000,73400000000,26.400000000000002,"Südwestpfalz, LK",1.403,39.7,0.35476463834672783,0.832807570977918,0.0014214792299898683,0.7324723247232472,1.2119367365844271
256,Brandenburg,1.916,12072000,120720000000,23.0,"Teltow-Fläming, LK",480.0,46.5,0.43995407577497125,0.725552050473186,0.48632218844984804,0.8579335793357933,1.629853742483856
257,Bayern,3.221,9377000,93770000000,23.6,"Tirschenreuth, LK",1.474,43.9,0.7396096440872559,0.7444794952681387,0.0014934143870314082,0.8099630996309962,0.8163263651989103
258,Bayern,2.026,9189000,91890000000,23.2,"Traunstein, LK",595.0,36.7,0.46521239954075766,0.7318611987381702,0.6028368794326241,0.6771217712177122,1.5466074498477491
259,Rheinland-Pfalz,1.571,7235000,72350000000,21.7,"Trier-Saarburg, LK",2.789,41.1,0.3607347876004592,0.6845425867507886,0.0028257345491388046,0.7583025830258302,1.0849361167252982
260,Baden-Württemberg,1.988,8416000,84160000000,18.3,"Tübingen, LK",626.0,39.7,0.4564867967853042,0.5772870662460567,0.6342451874366768,0.7324723247232472,1.4875177816206766
261,Baden-Württemberg,2.044,8327000,83270000000,19.9,"Tuttlingen, LK",485.0,35.2,0.46934557979334096,0.6277602523659305,0.49138804457953394,0.6494464944649446,1.299249211617068
262,Brandenburg,1.991,12073000,120730000000,29.400000000000002,"Uckermark, LK",462.0,50.5,0.45717566016073474,0.9274447949526814,0.46808510638297873,0.9317343173431734,1.8700885585180989
263,Niedersachsen,1.964,3360000,33600000000,26.0,"Uelzen, LK",1.695,46.1,0.4509758897818599,0.8201892744479494,0.001717325227963526,0.8505535055350554,1.2214842154291083
264,Nordrhein-Westfalen,2.044,5978000,59780000000,23.5,"Unna, LK",2.6,43.8,0.46934557979334096,0.7413249211356466,0.0026342451874366768,0.8081180811808117,1.0827316677105538
265,Thüringen,1.899,16064000,160640000000,26.5,"Unstrut-Hainich-Kreis, LK",793.0,52.5,0.4360505166475315,0.83596214511041,0.8034447821681864,0.9686346863468634,2.171991096977928
266,Bayern,1.827,9778000,97780000000,21.5,"Unterallgäu, LK",601.0,36.5,0.4195177956371986,0.6782334384858043,0.6089159067882473,0.6734317343173432,1.541063283954196
267,Niedersachsen,1.738,3460000,34600000000,17.0,"Vechta, LK",469.0,37.9,0.3990815154994259,0.5362776025236593,0.475177304964539,0.6992619926199262,1.3116353846086988
268,Niedersachsen,1.907,3361000,33610000000,22.9,"Verden, LK",519.0,38.5,0.43788748564867963,0.7223974763406938,0.5258358662613982,0.7103321033210331,1.5206779602744456
269,Nordrhein-Westfalen,1.859,5166000,51660000000,23.0,"Viersen, LK",1.276,37.0,0.426865671641791,0.725552050473186,0.0012928064842958461,0.6826568265682657,0.9826360118839564
270,Hessen,2.013,6535000,65350000000,25.299999999999997,"Vogelsbergkreis, LK",1.812,43.1,0.462227324913892,0.7981072555205045,0.0018358662613981763,0.7952029520295203,1.1329187488975312
271,Sachsen,1.658,14523000,145230000000,31.0,"Vogtlandkreis, LK",780.0,52.7,0.38071182548794485,0.9779179810725551,0.790273556231003,0.9723247232472325,2.3598044350628458
272,Mecklenburg-Vorpommern,1.759,13075000,130750000000,26.799999999999997,"Vorpommern-Greifswald, LK",1.469,53.5,0.40390355912743964,0.8454258675078863,0.0014883485309017226,0.9870848708487084,1.4300955277600567
273,Mecklenburg-Vorpommern,1.693,13073000,130730000000,27.6,"Vorpommern-Rügen, LK",950.0,53.6,0.3887485648679678,0.8706624605678233,0.9625126646403243,0.9889298892988929,2.4333564496390725
274,Rheinland-Pfalz,1.766,7233000,72330000000,25.3,"Vulkaneifel, LK",2.581,41.9,0.4055109070034443,0.7981072555205047,0.00261499493414387,0.7730627306273062,1.1682740740785102
275,Hessen,2.034,6635000,66350000000,23.9,"Waldeck-Frankenberg, LK",2.89,43.3,0.46704936854190576,0.753943217665615,0.00292806484295846,0.7988929889298892,1.088714902896557
276,Baden-Württemberg,1.888,8337000,83370000000,22.1,"Waldshut, LK",684.0,36.4,0.43352468427095286,0.6971608832807571,0.6930091185410334,0.6715867158671586,1.6282320334179963
277,Nordrhein-Westfalen,1.875,5570000,55700000000,21.9,"Warendorf, LK",665.0,38.8,0.4305396096440872,0.6908517350157728,0.6737588652482269,0.7158671586715867,1.6499381492914993
278,Thüringen,1.773,16063000,160630000000,26.900000000000002,"Wartburgkreis, LK",381.0,49.1,0.40711825487944886,0.8485804416403785,0.3860182370820669,0.9059040590405903,1.733384482883587
279,Bayern,2.075,9190000,91900000000,22.3,"Weilheim-Schongau, LK",815.0,37.0,0.4764638346727899,0.7034700315457413,0.8257345491388045,0.6826568265682657,1.7353975725800215
280,Thüringen,1.747,16071000,160710000000,25.5,"Weimarer Land, LK",677.0,52.1,0.40114810562571757,0.8044164037854888,0.6859169199594731,0.9612546125461254,2.0504398306653697
281,Bayern,1.786,9577000,95770000000,22.6,"Weißenburg-Gunzenhausen, LK",1.275,40.9,0.41010332950631456,0.7129337539432177,0.0012917933130699088,0.7546125461254611,1.058734763875434
282,Hessen,2.02,6636000,66360000000,26.1,"Werra-Meißner-Kreis, LK",2.568,45.2,0.46383467278989665,0.8233438485804416,0.002601823708206687,0.8339483394833949,1.1960593389821463
283,Nordrhein-Westfalen,1.968,5170000,51700000000,24.299999999999997,"Wesel, LK",2.669,40.5,0.45189437428243395,0.7665615141955835,0.0027041540020263425,0.7472324723247232,1.064603766239899
284,Niedersachsen,1.768,3461000,34610000000,24.200000000000003,"Wesermarsch, LK",2.4,44.0,0.4059701492537313,0.7634069400630915,0.00243161094224924,0.8118081180811808,1.1716765198327903
285,Rheinland-Pfalz,1.687,7143000,71430000000,21.9,"Westerwaldkreis, LK",375.0,37.2,0.38737083811710676,0.6908517350157728,0.3799392097264438,0.6863468634686347,1.3697669700937445
286,Hessen,2.016,6440000,64400000000,21.7,"Wetteraukreis, LK",1.353,36.2,0.46291618828932257,0.6845425867507886,0.0013708206686930092,0.6678966789667897,0.8908938980969489
287,Sachsen-Anhalt,1.436,15091000,150910000000,29.9,"Wittenberg, LK",1.682,52.5,0.3297359357060849,0.9432176656151419,0.0017041540020263425,0.9686346863468634,1.5838205702579469
288,Niedersachsen,1.83,3462000,34620000000,25.4,"Wittmund, LK",1.1,48.5,0.42020665901262916,0.8012618296529967,0.001114488348530902,0.8948339483394834,1.277003607328382
289,Niedersachsen,1.81,3158000,31580000000,24.4,"Wolfenbüttel, LK",1.616,43.2,0.41561423650975887,0.7697160883280756,0.0016372847011144884,0.7970479704797048,1.1527871069991362
290,Bayern,1.938,9479000,94790000000,26.8,"Wunsiedel im Fichtelgebirge, LK",2.553,45.6,0.4450057405281285,0.8454258675078864,0.002586626139817629,0.8413284132841328,1.2443351664037081
291,Bayern,1.702,9679000,96790000000,22.5,"Würzburg, LK",712.0,39.0,0.39081515499425945,0.7097791798107255,0.7213779128672746,0.7195571955719556,1.7598991332556961
292,Baden-Württemberg,1.999,8417000,84170000000,22.6,"Zollernalbkreis, LK",583.0,32.9,0.4590126291618829,0.7129337539432177,0.5906788247213779,0.6070110701107011,1.4516110196134138
293,Sachsen,1.676,14524000,145240000000,30.0,"Zwickau, LK",346.0,51.6,0.3848450057405281,0.946372239747634,0.3505572441742654,0.9520295202952029,1.8641139984765742
